µÄ,0,0
Õß,1,0
Íâ,2,0
¹û,3,0
±¨,4,0
°Ë,5,0
Êõ,6,0
µ¥,7,0
Ïû,8,0
ÒÀ,9,0
º¢,10,0
Ó¡,11,0
´´,12,0
·ð,13,0
¼õ,14,0
Òþ,15,0
Ðì,16,0
ÅÚ,17,0
ÆÅ,18,0
»¼,19,0
½¯,20,0
±Õ,21,0
¸Ê,22,0
¶®,23,0
Ïé,24,0
Î¿,25,0
ÕÌ,26,0
ÖÛ,27,0
È¯,28,0
Ä½,29,0
Ïå,30,0
ÌÝ,31,0
Ó¹,32,0
¶ö,33,0
Õõ,34,0
ÏÁ,35,0
Ë¬,36,0
Ä¤,37,0
³Î,38,0
Â¿,39,0
Îû,40,0
Ç¼,41,0
ÉÒ,42,0
Úµ,43,0
À¯,44,0
¿§,45,0
ÄÀ,46,0
Øü,47,0
ÊÈ,48,0
¾Ï,49,0
Öà,50,0
Ð·,51,0
íÎ,52,0
¿½,53,0
¶ü,54,0
æÒ,55,0
±µ,56,0
´»,57,0
Ã¸,58,0
·Í,59,0
ÚÛ,60,0
»Ü,61,0
ÊÁ,62,0
Á°,63,0
Ò»,0,1
¶à,1,1
µÚ,2,1
Î»,3,1
Ö±,4,1
¸®,5,1
½ü,6,1
Áª,7,1
Í¼,8,1
°´,9,1
¸ï,10,1
ËÙ,11,1
ºú,12,1
Ñî,13,1
ÒÁ,14,1
Ë½,15,1
ÃØ,16,1
ÅÌ,17,1
Ãí,18,1
Å«,19,1
Îö,20,1
²à,21,1
Ëà,22,1
Æ¾,23,1
Á¥,24,1
¼ç,25,1
Á«,26,1
Õï,27,1
Á¨,28,1
Áè,29,1
¸Ö,30,1
Èñ,31,1
¶Ö,32,1
Ç·,33,1
µß,34,1
Õ©,35,1
Àò,36,1
ÐÊ,37,1
¿ï,38,1
Öä,39,1
µö,40,1
áÔ,41,1
ç­,42,1
Ð®,43,1
´ù,44,1
Ù¤,45,1
êÍ,46,1
¸Í,47,1
Óì,48,1
÷â,49,1
Ðá,50,1
çö,51,1
°Ã,52,1
ÌÅ,53,1
²÷,54,1
àÁ,55,1
âý,56,1
É¿,57,1
ÂÍ,58,1
ïÎ,59,1
Èã,60,1
ÍÝ,61,1
ßÉ,62,1
½Û,63,1
²»,0,2
ÈÕ,1,2
Íõ,2,2
ÐÅ,3,2
°×,4,2
ÑÛ,5,2
¸ñ,6,2
µ÷,7,2
ÐÇ,8,2
¾Ã,9,2
Î¬,10,2
Æë,11,2
Ï°,12,2
ÃÎ,13,2
ÆÞ,14,2
¹È,15,2
ÌÓ,16,2
ÂÃ,17,2
³§,18,2
Ïþ,19,2
ÀË,20,2
°Î,21,2
Åà,22,2
±²,23,2
ÄÂ,24,2
×í,25,2
¸²,26,2
Ô¥,27,2
ºè,28,2
Ðç,29,2
´î,30,2
Éâ,31,2
¶¦,32,2
ÁÄ,33,2
Ô¢,34,2
ÍÓ,35,2
Ñõ,36,2
Æí,37,2
ËÜ,38,2
×¬,39,2
Ì¯,40,2
¶£,41,2
Î³,42,2
Ò¤,43,2
Ïü,44,2
ôÃ,45,2
Ôý,46,2
Ïº,47,2
é£,48,2
ê×,49,2
à£,50,2
¿å,51,2
¶ë,52,2
ÉÉ,53,2
ÃÐ,54,2
ÛÍ,55,2
ÚÄ,56,2
ÍÉ,57,2
Þò,58,2
Ý¼,59,2
åý,60,2
õ´,61,2
³Ó,62,2
å¡,63,2
ÊÇ,0,3
¶¼,1,3
¸ß,2,3
¶È,3,3
×Ü,4,3
Áì,5,3
¼Ã,6,3
³Ô,7,3
Âä,8,3
±¦,9,3
°Í,10,3
µÍ,11,3
¸º,12,3
¾È,13,3
Â³,14,3
¸½,15,3
ºË,16,3
µê,17,3
¿â,18,3
ºÞ,19,3
ÃË,20,3
¹±,21,3
¹Ú,22,3
³æ,23,3
´Ö,24,3
Ê£,25,3
Ëø,26,3
Æ­,27,3
¶Ø,28,3
ÒÖ,29,3
Õã,30,3
Ã£,31,3
Åç,32,3
Ù÷,33,3
ÍÚ,34,3
½ª,35,3
Òê,36,3
Ë´,37,3
Óõ,38,3
±Ö,39,3
»È,40,3
ï£,41,3
Ô«,42,3
Õµ,43,3
³×,44,3
Æ¡,45,3
Åñ,46,3
Ç¦,47,3
ÖÄ,48,3
Îî,49,3
ô£,50,3
Ú¶,51,3
ä½,52,3
àÖ,53,3
èí,54,3
Àç,55,3
ã±,56,3
õ¾,57,3
±ô,58,3
êÆ,59,3
ß¸,60,3
±ï,61,3
Ò¸,62,3
Û¶,63,3
ÁË,0,4
Èý,1,4
ÎÊ,2,4
²ú,3,4
·Ç,4,4
Çå,5,4
¸É,6,4
¹Å,7,4
Àñ,8,4
¹¥,9,4
¹©,10,4
ÊÒ,11,4
²ß,12,4
Õó,13,4
Ò°,14,4
Æï,15,4
ÐÛ,16,4
Ïú,17,4
Ï®,18,4
±¯,19,4
±¡,20,4
Ð×,21,4
³¹,22,4
ÔÀ,23,4
ÁÑ,24,4
Äæ,25,4
Óð,26,4
´Ï,27,4
Ïª,28,4
»¸,29,4
»Õ,30,4
ËÏ,31,4
Ò¦,32,4
²Õ,33,4
´®,34,4
áá,35,4
±ú,36,4
ÃÛ,37,4
Ö¬,38,4
Àå,39,4
ÇÈ,40,4
¼Ë,41,4
·ª,42,4
Ú¾,43,4
Äõ,44,4
É¹,45,4
Íó,46,4
Öü,47,4
ÈÞ,48,4
ÂÜ,49,4
õú,50,4
à½,51,4
îÃ,52,4
å§,53,4
¸Â,54,4
ÊÉ,55,4
÷×,56,4
âÞ,57,4
æ½,58,4
±è,59,4
ñ¡,60,4
¹Æ,61,4
èÃ,62,4
åä,63,4
ÈË,0,5
Ð¡,1,5
Ì«,2,5
Á¢,3,5
½¨,4,5
¾ö,5,5
ÔË,6,5
Ëã,7,5
Óª,8,5
Æó,9,5
¶·,10,5
ÍË,11,5
°Ü,12,5
¹þ,13,5
ÊÍ,14,5
Ö£,15,5
°æ,16,5
¼²,17,5
Êå,18,5
ÃÍ,19,5
Êâ,20,5
²¶,21,5
¾®,22,5
ÕÏ,23,5
ºÉ,24,5
ÑÎ,25,5
ÏÌ,26,5
Ëá,27,5
Âù,28,5
Ðµ,29,5
Õ×,30,5
È­,31,5
Ãã,32,5
·ô,33,5
·ä,34,5
²µ,35,5
À¸,36,5
Ä¼,37,5
ËÅ,38,5
î£,39,5
¹£,40,5
ò£,41,5
¿²,42,5
ÔÈ,43,5
Òñ,44,5
¹ë,45,5
ÁÛ,46,5
Õ¤,47,5
ÐÚ,48,5
Ù¡,49,5
ËÝ,50,5
ö£,51,5
äü,52,5
Øú,53,5
÷¢,54,5
ó¡,55,5
°»,56,5
ÁÊ,57,5
ö¡,58,5
Ëë,59,5
äµ,60,5
Ëî,61,5
íª,62,5
àÓ,63,5
ÔÚ,0,6
¾ü,1,6
Í·,2,6
Éù,3,6
·ò,4,6
Ð¦,5,6
Ôõ,6,6
×ø,7,6
Ôö,8,6
°¸,9,6
½µ,10,6
Á³,11,6
ËÎ,12,6
°µ,13,6
ÁÁ,14,6
µî,15,6
ÀÕ,16,6
¶í,17,6
³¢,18,6
Ô²,19,6
×è,20,6
³ª,21,6
¿¡,22,6
±¶,23,6
Á¹,24,6
µË,25,6
ÆÌ,26,6
ÍÍ,27,6
Ô£,28,6
Îí,29,6
Îý,30,6
Ò«,31,6
Òã,32,6
ºÛ,33,6
Íç,34,6
Ðù,35,6
ºÐ,36,6
¿®,37,6
ÐÙ,38,6
Óí,39,6
ÌÍ,40,6
ã¶,41,6
öÕ,42,6
µý,43,6
½Æ,44,6
¼ð,45,6
½ë,46,6
×Þ,47,6
÷á,48,6
¼©,49,6
À¬,50,6
Öº,51,6
Í¹,52,6
°±,53,6
óË,54,6
Ïø,55,6
çê,56,6
¶è,57,6
ÉÓ,58,6
éF,59,6
Úå,60,6
ÚÕ,61,6
³û,62,6
Ú¨,63,6
ÓÐ,0,7
¶þ,1,7
Çé,2,7
ÄÏ,3,7
±±,4,7
¸æ,5,7
²½,6,7
Ôç,7,7
ÍÁ,8,7
²ì,9,7
¾í,10,7
ÏÞ,11,7
Óù,12,7
Âò,13,7
¶Ù,14,7
Ò¶,15,7
Ôó,16,7
Ä©,17,7
·ï,18,7
»º,19,7
¾º,20,7
´ë,21,7
Âî,22,7
³ð,23,7
Ö¢,24,7
µÝ,25,7
Åã,26,7
×Û,27,7
¶ä,28,7
±Û,29,7
¸ê,30,7
ÑÃ,31,7
Åâ,32,7
·ì,33,7
Çþ,34,7
Þ¬,35,7
ÔÐ,36,7
¶³,37,7
Ñã,38,7
ê£,39,7
ÄÝ,40,7
¹¼,41,7
µÑ,42,7
ÌÔ,43,7
Ò±,44,7
àµ,45,7
Áâ,46,7
Ï»,47,7
Õ§,48,7
Ë¦,49,7
ÒÍ,50,7
á£,51,7
×Ø,52,7
Õ¢,53,7
à’,54,7
ÙÊ,55,7
½Õ,56,7
Åë,57,7
çº,58,7
õ·,59,7
éâ,60,7
Ñâ,61,7
æ¡,62,7
Ëí,63,7
ÎÒ,0,8
ÎÞ,1,8
Î÷,2,8
´ú,3,8
Î´,4,8
½Ð,5,8
Ì¨,6,8
Òý,7,8
¼Ê,8,8
ºÚ,9,8
½ã,10,8
ÈÈ,11,8
ÌÖ,12,8
¶½,13,8
Â¼,14,8
»¢,15,8
µô,16,8
ÏÍ,17,8
ÇÖ,18,8
¶¬,19,8
Æì,20,8
Ø©,21,8
´¥,22,8
Ïô,23,8
º¹,24,8
·Û,25,8
ÅÀ,26,8
±¤,27,8
´Ò,28,8
Â£,29,8
¶¹,30,8
ìø,31,8
¾¸,32,8
ÔÏ,33,8
É¶,34,8
ÕÚ,35,8
¹ª,36,8
ºí,37,8
ÖÍ,38,8
¶¤,39,8
¶ð,40,8
ÔÒ,41,8
êË,42,8
ÒÏ,43,8
åÈ,44,8
Ð¸,45,8
Ñ÷,46,8
´¸,47,8
Æî,48,8
ÍÇ,49,8
ÞÏ,50,8
¼ñ,51,8
ÈÁ,52,8
Û«,53,8
Å¹,54,8
Ðê,55,8
êÊ,56,8
ÙË,57,8
õÄ,58,8
¶æ,59,8
çË,60,8
Í®,61,8
Àì,62,8
ÈÒ,63,8
Ëû,0,9
Í¬,1,9
»ú,2,9
×ß,3,9
ÕÅ,4,9
¶Ó,5,9
ÈÃ,6,9
Ðë,7,9
ÖÂ,8,9
Í»,9,9
·â,10,9
Ìï,11,9
¸»,12,9
³þ,13,9
¶¡,14,9
ÔØ,15,9
Îº,16,9
Ð¢,17,9
ÉÍ,18,9
É¥,19,9
ÉÁ,20,9
³é,21,9
¶©,22,9
±ç,23,9
Õê,24,9
Ç£,25,9
Îì,26,9
¿÷,27,9
ÖÈ,28,9
²·,29,9
Á©,30,9
×ê,31,9
¹Í,32,9
¼½,33,9
Îþ,34,9
Ðî,35,9
Ô·,36,9
ÅÝ,37,9
Æá,38,9
×É,39,9
½Ë,40,9
Ò¾,41,9
»ß,42,9
ãê,43,9
ÃÕ,44,9
·Þ,45,9
÷¡,46,9
Æ²,47,9
ºÌ,48,9
ÒÊ,49,9
åÄ,50,9
êå,51,9
áß,52,9
ìè,53,9
´Û,54,9
Õé,55,9
»×,56,9
¾Î,57,9
÷½,58,9
ê¼,59,9
Êï,60,9
òþ,61,9
Ì¡,62,9
ö¨,63,9
Õâ,0,10
Ã´,1,10
Ëü,2,10
Å®,3,10
Áî,4,10
Ç¿,5,10
½­,6,10
Àë,7,10
Ö¾,8,10
µ¹,9,10
¹¹,10,10
Öµ,11,10
Äá,12,10
Åä,13,10
ÒÆ,14,10
º½,15,10
µ¶,16,10
¿Þ,17,10
¸§,18,10
Ë§,19,10
Áø,20,10
¿Î,21,10
Àµ,22,10
Âü,23,10
Åí,24,10
ÁÉ,25,10
Îð,26,10
ÀÎ,27,10
Êü,28,10
¸ð,29,10
¸Ù,30,10
Ï¿,31,10
ÂÅ,32,10
²À,33,10
Ïè,34,10
Ó£,35,10
Õª,36,10
±É,37,10
¹Ô,38,10
Ñæ,39,10
±ü,40,10
ÊÑ,41,10
»À,42,10
÷È,43,10
ÐÈ,44,10
Ðñ,45,10
¸ì,46,10
Ý¡,47,10
Àª,48,10
×ë,49,10
»ø,50,10
Å¾,51,10
½¸,52,10
º¾,53,10
Éë,54,10
Èì,55,10
Êº,56,10
ÁÃ,57,10
âã,58,10
½È,59,10
ÙÐ,60,10
çû,61,10
à¹,62,10
í©,63,10
Îª,0,11
¾­,1,11
»Ø,2,11
ÑÔ,3,11
·´,4,11
Íù,5,11
ºÓ,6,11
Ö¤,7,11
Ò¹,8,11
¾Ö,9,11
Õ¾,10,11
»³,11,11
·¶,12,11
Í´,13,11
Î£,14,11
¿Ø,15,11
È±,16,11
´²,17,11
ÈÌ,18,11
Èí,19,11
Ä·,20,11
ÄÖ,21,11
Ô¹,22,11
Ñý,23,11
Ãô,24,11
×ñ,25,11
Æ®,26,11
¼ø,27,11
ÁÔ,28,11
Å¨,29,11
¸û,30,11
Óô,31,11
¿ç,32,11
Åô,33,11
ÍÀ,34,11
Áá,35,11
ºß,36,11
²æ,37,11
Íú,38,11
½î,39,11
¶Â,40,11
ÉÎ,41,11
À®,42,11
Ìß,43,11
¶õ,44,11
¼¥,45,11
Ãå,46,11
Êß,47,11
ÙÔ,48,11
Çß,49,11
³ò,50,11
Å³,51,11
¾¼,52,11
æô,53,11
ÚØ,54,11
çß,55,11
µè,56,11
Æö,57,11
ð¯,58,11
Ìñ,59,11
½Í,60,11
ìÖ,61,11
Ïý,62,11
Þ¡,63,11
Ö®,0,12
·¨,1,12
²¢,2,12
Âí,3,12
Ê¿,4,12
Çø,5,12
Ê¶,6,12
Ô¼,7,12
Ðè,8,12
Í¶,9,12
Ñé,10,12
ÀÉ,11,12
Çò,12,12
ÊÚ,13,12
Ë°,14,12
ÐÌ,15,12
¾ù,16,12
Àô,17,12
ÐÑ,18,12
ÎÕ,19,12
À©,20,12
Î²,21,12
¸ã,22,12
¸³,23,12
¼Ä,24,12
ÌÕ,25,12
²Ö,26,12
¿­,27,12
²Â,28,12
ìë,29,12
ºÆ,30,12
ãÚ,31,12
Æü,32,12
³Õ,33,12
Î×,34,12
ÉÀ,35,12
ËÐ,36,12
Ä¶,37,12
°ø,38,12
¶Ý,39,12
¾Õ,40,12
ÆÊ,41,12
Êî,42,12
Ôå,43,12
Âª,44,12
êâ,45,12
îì,46,12
ÙÉ,47,12
Ôí,48,12
ºÂ,49,12
éø,50,12
ß×,51,12
ÙÒ,52,12
¸¬,53,12
äì,54,12
ÍÊ,55,12
¿Ô,56,12
²Ç,57,12
Òî,58,12
Ç­,59,12
Û©,60,12
ôá,61,12
ÎÍ,62,12
ã¤,63,12
À´,0,13
µ±,1,13
¼ä,2,13
½ð,3,13
Ê¦,4,13
½»,5,13
¹æ,6,13
Ä¸,7,13
½Ô,8,13
ÒÂ,9,13
¿à,10,13
ÄÉ,11,13
Çï,12,13
¿Ï,13,13
×ù,14,13
ÈÙ,15,13
Ò¡,16,13
½¡,17,13
Ä¬,18,13
×Ý,19,13
ÔÊ,20,13
Âç,21,13
Ñö,22,13
Â¬,23,13
×â,24,13
º²,25,13
Öï,26,13
Îô,27,13
¹µ,28,13
³î,29,13
ºê,30,13
Ô©,31,13
´ß,32,13
Ìî,33,13
ÎÑ,34,13
·Ë,35,13
Ì²,36,13
îÎ,37,13
Ñ¼,38,13
çá,39,13
Ñþ,40,13
Ýº,41,13
ÏÆ,42,13
Óé,43,13
àÞ,44,13
½¬,45,13
÷í,46,13
¸×,47,13
ÛÅ,48,13
ñã,49,13
í¡,50,13
ÂÎ,51,13
¹¨,52,13
ÔÍ,53,13
º÷,54,13
°Ð,55,13
è½,56,13
Áü,57,13
äÃ,58,13
Û¼,59,13
çï,60,13
±Â,61,13
ÉÊ,62,13
â¹,63,13
´ó,0,14
Æð,1,14
ÊÖ,2,14
´¦,3,14
Ðí,4,14
Îä,5,14
À­,6,14
×é,7,14
×ó,8,14
Ô¸,9,14
²î,10,14
ÊÏ,11,14
³å,12,14
Óê,13,14
ÓÅ,14,14
Ñë,15,14
ºÈ,16,14
Öì,17,14
Óµ,18,14
Ñ²,19,14
¼Ý,20,14
±­,21,14
¹§,22,14
Ì§,23,14
±¬,24,14
¿Ü,25,14
Âþ,26,14
¿Å,27,14
ÒØ,28,14
´û,29,14
¿Û,30,14
Íý,31,14
×¿,32,14
±«,33,14
Ø£,34,14
°¤,35,14
³®,36,14
ßª,37,14
åö,38,14
Ã¢,39,14
ÍØ,40,14
ºÖ,41,14
²²,42,14
Àõ,43,14
ÌÏ,44,14
°Ï,45,14
Ôæ,46,14
½½,47,14
²¸,48,14
ïÚ,49,14
¸ë,50,14
±þ,51,14
Ö¡,52,14
°ê,53,14
ºù,54,14
Åé,55,14
îÚ,56,14
³ù,57,14
îÔ,58,14
°Ò,59,14
êã,60,14
ÃÊ,61,14
¿ð,62,14
Öõ,63,14
ÒÔ,0,15
Óë,1,15
ËÄ,2,15
±ã,3,15
Ìõ,4,15
´ï,5,15
ÇÐ,6,15
·¿,7,15
¾¿,8,15
Ê¡,9,15
¿Ì,10,15
¾°,11,15
¶÷,12,15
Õ¼,13,15
ÁÒ,14,15
¸Å,15,15
¾´,16,15
Ï·,17,15
ÆÈ,18,15
Öþ,19,15
»ì,20,15
ºâ,21,15
¸ô,22,15
·Â,23,15
°§,24,15
ÔÃ,25,15
ÒÄ,26,15
Ö³,27,15
Í¿,28,15
Âö,29,15
·Á,30,15
áã,31,15
²Á,32,15
»æ,33,15
éü,34,15
³²,35,15
Ô³,36,15
´à,37,15
¾ë,38,15
Â«,39,15
Õ­,40,15
Õô,41,15
¶°,42,15
âù,43,15
¼Ú,44,15
ãµ,45,15
ØÝ,46,15
¾¨,47,15
Ø²,48,15
ëº,49,15
°¯,50,15
º¨,51,15
ôÓ,52,15
×§,53,15
ÅÃ,54,15
Ù×,55,15
Ùí,56,15
°õ,57,15
Äí,58,15
²§,59,15
èó,60,15
Åù,61,15
çÔ,62,15
ïÏ,63,15
¸ö,0,16
ºÃ,1,16
¹Ø,2,16
Í¨,3,16
±ä,4,16
Éç,5,16
¼«,6,16
Ôø,7,16
ºº,8,16
Óû,9,16
Òæ,10,16
Ö´,11,16
¸ç,12,16
Â¥,13,16
¿¨,14,16
×¯,15,16
Âô,16,16
Æ±,17,16
ÂÌ,18,16
Òû,19,16
É®,20,16
Òí,21,16
¾ô,22,16
Õ®,23,16
Èó,24,16
»½,25,16
Îò,26,16
É÷,27,16
ºë,28,16
½Ý,29,16
Ó¿,30,16
Â²,31,16
Ðó,32,16
ÌÇ,33,16
Ë¢,34,16
²ð,35,16
ÐÉ,36,16
È÷,37,16
Öý,38,16
´¾,39,16
±ó,40,16
Åü,41,16
¶ò,42,16
²Ó,43,16
´±,44,16
ìº,45,16
Ãï,46,16
ÙÝ,47,16
¿¾,48,16
ç±,49,16
¿º,50,16
±·,51,16
½´,52,16
ÓË,53,16
Þ¥,54,16
åÊ,55,16
ËË,56,16
èî,57,16
ÖÏ,58,16
àÐ,59,16
ó¼,60,16
¹½,61,16
÷À,62,16
âÔ,63,16
ÖÐ,0,17
¿´,1,17
ÖØ,2,17
Ãü,3,17
Ïµ,4,17
È¨,5,17
³Ö,6,17
ËÆ,7,17
Äî,8,17
ÂÊ,9,17
ÅÉ,10,17
ÐÍ,11,17
Ñ°,12,17
ºô,13,17
Àö,14,17
µº,15,17
Ëð,16,17
½ú,17,17
Ò³,18,17
³ç,19,17
Ö²,20,17
Èê,21,17
ÀÊ,22,17
¸°,23,17
Êæ,24,17
Ò£,25,17
×«,26,17
Ï¦,27,17
´Þ,28,17
ÏÓ,29,17
Ò÷,30,17
ºÄ,31,17
»ü,32,17
Å¤,33,17
Ö·,34,17
ÏË,35,17
Éµ,36,17
Ó÷,37,17
Ï¥,38,17
½þ,39,17
Æ¢,40,17
ÉÚ,41,17
Ç´,42,17
µ¾,43,17
¹Þ,44,17
Ø¤,45,17
µ¿,46,17
Å¡,47,17
Öë,48,17
¿Á,49,17
Øµ,50,17
í§,51,17
ââ,52,17
ÛÖ,53,17
Àð,54,17
ßÍ,55,17
¸Á,56,17
ÎÁ,57,17
ºæ,58,17
Ó»,59,17
çÆ,60,17
âÒ,61,17
ºÔ,62,17
Øº,63,17
ÉÏ,0,18
Ñ§,1,18
Ó¦,2,18
ÌØ,3,18
¼Æ,4,18
¿Æ,5,18
Èô,6,18
Ò×,7,18
¼È,8,18
ÑÏ,9,18
½ô,10,18
»¶,11,18
¶ñ,12,18
Ë³,13,18
ÒÅ,14,18
ÍÑ,15,18
×ä,16,18
º«,17,18
°Â,18,18
¼Ö,19,18
ÕÜ,20,18
ÉÔ,21,18
Ïê,22,18
Èª,23,18
ÍÈ,24,18
ËÒ,25,18
·ß,26,18
¹ï,27,18
Ñ·,28,18
À«,29,18
³ï,30,18
¹ì,31,18
ÎÆ,32,18
ÁÓ,33,18
¼ß,34,18
¿³,35,18
ÂÑ,36,18
µÉ,37,18
°ä,38,18
»Ð,39,18
×¦,40,18
¶Ò,41,18
Ö«,42,18
Æý,43,18
½Ê,44,18
ÒÃ,45,18
Ç¢,46,18
Â§,47,18
½¶,48,18
·Ú,49,18
Ãì,50,18
ï¡,51,18
ô§,52,18
á÷,53,18
æÉ,54,18
æ«,55,18
²í,56,18
ë½,57,18
ÈÍ,58,18
òÈ,59,18
Õ¡,60,18
¾æ,61,18
Úé,62,18
ßÒ,63,18
ÃÇ,0,19
½ø,1,19
¹¤,2,19
¸ø,3,19
ÇÒ,4,19
¾Å,5,19
Ó¢,6,19
Ëæ,7,19
ËÍ,8,19
´ý,9,19
ÁÏ,10,19
Ã«,11,19
Í£,12,19
Òõ,13,19
»­,14,19
½é,15,19
À¨,16,19
Æñ,17,19
ÓÂ,18,19
ºé,19,19
Çî,20,19
Óú,21,19
Òë,22,19
Æû,23,19
²á,24,19
Ôú,25,19
»Ô,26,19
Öù,27,19
½Ù,28,19
Ð¬,29,19
Êó,30,19
ÍÌ,31,19
Â©,32,19
Ó®,33,19
µ²,34,19
Ì¥,35,19
¹°,36,19
ñ¼,37,19
Æç,38,19
·í,39,19
Â¾,40,19
¼ê,41,19
ÕÃ,42,19
Ðà,43,19
Åæ,44,19
Êë,45,19
Ðº,46,19
Ë»,47,19
ÞÚ,48,19
¹¡,49,19
Ëè,50,19
óï,51,19
Õ»,52,19
ß¯,53,19
ÚÈ,54,19
êï,55,19
ÁÞ,56,19
Åß,57,19
Å¸,58,19
³À,59,19
õÏ,60,19
ð¨,61,19
æ¤,62,19
îµ,63,19
µ½,0,20
ÖÖ,1,20
ÐÔ,2,20
Êý,3,20
ÈÏ,4,20
Éè,5,20
Õù,6,20
¾«,7,20
ÏÔ,8,20
¹é,9,20
Òì,10,20
Ãâ,11,20
Á¼,12,20
Îá,13,20
ÎÝ,14,20
¸Ç,15,20
Óò,16,20
¼£,17,20
½Ö,18,20
Ò®,19,20
ÒÒ,20,20
À¶,21,20
¾»,22,20
Ä»,23,20
ºä,24,20
Ç¬,25,20
»¬,26,20
¸¦,27,20
µø,28,20
²¦,29,20
ÄÈ,30,20
Òù,31,20
Í×,32,20
½É,33,20
ËÁ,34,20
ØË,35,20
ÌÁ,36,20
Ìð,37,20
Ò¢,38,20
²±,39,20
¾û,40,20
ÎØ,41,20
Ø·,42,20
À¤,43,20
°¾,44,20
¼µ,45,20
µÊ,46,20
»²,47,20
Áñ,48,20
»í,49,20
Âû,50,20
ÎË,51,20
½°,52,20
»«,53,20
¾Ô,54,20
ËÓ,55,20
å©,56,20
°í,57,20
Êþ,58,20
¶Õ,59,20
õü,60,20
Ùô,61,20
ñÖ,62,20
õË,63,20
Ëµ,0,21
½«,1,21
È«,2,21
´Î,3,21
Ä¿,4,21
Àî,5,21
¹¦,6,21
ÊÓ,7,21
ÖÃ,8,21
Ò½,9,21
Àý,10,21
ÂÔ,11,21
¹É,12,21
×à,13,21
Äú,14,21
Ðò,15,21
Ç¨,16,21
·ü,17,21
²ý,18,21
²Ù,19,21
°£,20,21
ÑÕ,21,21
Ö¦,22,21
²¥,23,21
ÑÚ,24,21
ÅÑ,25,21
·ù,26,21
Ðä,27,21
¼ö,28,21
¼è,29,21
ÌÉ,30,21
ÓÝ,31,21
æ¢,32,21
½í,33,21
ÚË,34,21
¹ñ,35,21
Îã,36,21
²¯,37,21
»Ñ,38,21
Ã¤,39,21
À¡,40,21
ÈÀ,41,21
²«,42,21
Åï,43,21
¸à,44,21
ó£,45,21
ð©,46,21
ä£,47,21
Ñ±,48,21
°ù,49,21
À»,50,21
ÁÝ,51,21
ÍÙ,52,21
àÍ,53,21
êÉ,54,21
Ô¦,55,21
¶ï,56,21
Ú¼,57,21
ÖË,58,21
ÇË,59,21
ºª,60,21
¼Â,61,21
äÈ,62,21
÷Ä,63,21
¹ú,0,22
»¹,1,22
ÃÅ,2,22
º£,3,22
¹â,4,22
¹Û,5,22
Éî,6,22
ÉÐ,7,22
ÑÇ,8,22
Óñ,9,22
×æ,10,22
Åú,11,22
ÏÕ,12,22
¹Ì,13,22
Óã,14,22
ÇØ,15,22
²â,16,22
Íü,17,22
Ôµ,18,22
ÉÕ,19,22
µ©,20,22
Ð°,21,22
·±,22,22
»Ö,23,22
×£,24,22
Åö,25,22
Á®,26,22
Ñç,27,22
Õ¯,28,22
Ê»,29,22
Â¹,30,22
ÕÈ,31,22
ÄÒ,32,22
¿á,33,22
º¯,34,22
Å¶,35,22
Ú£,36,22
È¸,37,22
ÅÊ,38,22
ð¢,39,22
Ï¾,40,22
Ëº,41,22
»Þ,42,22
»±,43,22
ÍÛ,44,22
Íñ,45,22
ö©,46,22
á°,47,22
ÇÍ,48,22
ìó,49,22
Çâ,50,22
»É,51,22
Îß,52,22
ä¡,53,22
¸Ó,54,22
Ìµ,55,22
¸¤,56,22
°Å,57,22
ØÑ,58,22
ê½,59,22
ç¡,60,22
óÀ,61,22
á½,62,22
¹¿,63,22
ºÍ,0,23
·Ö,1,23
ÀÏ,2,23
½ñ,3,23
¹Ü,4,23
¼Ç,5,23
±¸,6,23
¶Ï,7,23
ÍÆ,8,23
´¬,9,23
¹¬,10,23
·¸,11,23
²¨,12,23
Æ¤,13,23
Âý,14,23
Í¥,15,23
Ðé,16,23
¾ç,17,23
ÀÛ,18,23
Ãî,19,23
Î°,20,23
Èð,21,23
ÏÀ,22,23
Öñ,23,23
»ö,24,23
ÎÛ,25,23
Õ¬,26,23
Ë¥,27,23
¼ù,28,23
Æ¯,29,23
Ñ«,30,23
Ð¯,31,23
ÈÄ,32,23
ÁÂ,33,23
²¾,34,23
¿Ç,35,23
¾î,36,23
¹×,37,23
¿Ã,38,23
Õ²,39,23
ÐÓ,40,23
¿È,41,23
°¥,42,23
ÔÌ,43,23
Éö,44,23
³ë,45,23
ß³,46,23
¹ä,47,23
ãÉ,48,23
Ü£,49,23
ð£,50,23
óÃ,51,23
ôæ,52,23
ÕÄ,53,23
Î­,54,23
ôß,55,23
ßÀ,56,23
¾â,57,23
äÊ,58,23
ÝÏ,59,23
í®,60,23
µò,61,23
ñ«,62,23
ÂÐ,63,23
µØ,0,24
´Ë,1,24
µã,2,24
±í,3,24
Â·,4,24
¸Ä,5,24
Ôì,6,24
ÄË,7,24
¾Ó,8,24
Ææ,9,24
ÂÒ,10,24
·ñ,11,24
´Ì,12,24
¾¯,13,24
Â¶,14,24
´Ê,15,24
Öð,16,24
±¼,17,24
Ðþ,18,24
Èü,19,24
ÇÅ,20,24
³ó,21,24
¸¡,22,24
¼é,23,24
Ãþ,24,24
Îé,25,24
Çð,26,24
ÇÙ,27,24
Äý,28,24
³Ý,29,24
ÉÈ,30,24
Ôà,31,24
·Ò,32,24
°ç,33,24
ÓÆ,34,24
ÉÃ,35,24
Ð½,36,24
Ê¸,37,24
ËÚ,38,24
´À,39,24
Êç,40,24
ÏÛ,41,24
±¿,42,24
Ó´,43,24
ÀÑ,44,24
É¾,45,24
ÉÅ,46,24
Ôï,47,24
çÜ,48,24
è¡,49,24
êÝ,50,24
ÓÜ,51,24
à¸,52,24
°Ì,53,24
ÎÓ,54,24
±Ô,55,24
âú,56,24
Ë¨,57,24
Àã,58,24
ìÅ,59,24
Ø¥,60,24
òÎ,61,24
ô³,62,24
Ýà,63,24
Ò²,0,25
ÐÄ,1,25
Éí,2,25
Ô­,3,25
½Ó,4,25
Õ¹,5,25
Ñô,6,25
Ó°,7,25
ÁÐ,8,25
»¤,9,25
ËØ,10,25
Áé,11,25
Êö,12,25
¼×,13,25
°¡,14,25
Ë¯,15,25
ºÁ,16,25
¶¥,17,25
ÂÖ,18,25
°Ú,19,25
Õä,20,25
ËÞ,21,25
·Ü,22,25
Áã,23,25
Òä,24,25
Ðð,25,25
Òú,26,25
Í­,27,25
Ç³,28,25
ÒÎ,29,25
½ï,30,25
Íô,31,25
Ñ¨,32,25
¼ú,33,25
Öç,34,25
Ãú,35,25
±®,36,25
Ã§,37,25
ÛÀ,38,25
ÁÜ,39,25
Ð¥,40,25
êÌ,41,25
Ô¿,42,25
âÃ,43,25
ØÔ,44,25
Ä¯,45,25
¾÷,46,25
Éø,47,25
Ëö,48,25
Ñ¿,49,25
÷ö,50,25
¹ç,51,25
å¶,52,25
ÍÖ,53,25
°â,54,25
´¶,55,25
ÔÜ,56,25
ÀÓ,57,25
Èß,58,25
õÒ,59,25
Ç¯,60,25
ÜÔ,61,25
¾×,62,25
è¦,63,25
×Ó,0,26
Ç°,1,26
¶«,2,26
Ë¹,3,26
³Ç,4,26
×Ö,5,26
¿ì,6,26
³ý,7,26
¾ý,8,26
ÎÀ,9,26
ÅÂ,10,26
Ò©,11,26
Ð»,12,26
µ£,13,26
¶Ë,14,26
ÕÙ,15,26
±Ü,16,26
ÓÍ,17,26
±§,18,26
Î¾,19,26
´Ù,20,26
±Ú,21,26
»ã,22,26
³±,23,26
³¥,24,26
·å,25,26
Í§,26,26
²Ô,27,26
Ï½,28,26
Ð±,29,26
Å×,30,26
¾Ë,31,26
¶¶,32,26
½®,33,26
±¥,34,26
Ó¤,35,26
Íì,36,26
°ß,37,26
ÂØ,38,26
ÇÓ,39,26
Íè,40,26
ÎÜ,41,26
¿õ,42,26
²×,43,26
ÖÉ,44,26
ÉØ,45,26
Õ¿,46,26
Äç,47,26
Áæ,48,26
Ùµ,49,26
ÂÚ,50,26
¾½,51,26
¾¾,52,26
çø,53,26
°Ê,54,26
ñÔ,55,26
Äé,56,26
Õ¸,57,26
æü,58,26
ß´,59,26
ÚÒ,60,26
Ý±,61,26
¾Ê,62,26
è¶,63,26
Ê±,0,27
Ãæ,1,27
ÓÉ,2,27
Òå,3,27
»î,4,27
¹Ê,5,27
¼¯,6,27
Çà,7,27
°ü,8,27
Ëê,9,27
ÄÐ,10,27
Éä,11,27
»·,12,27
Âè,13,27
Í½,14,27
Å­,15,27
½è,16,27
Ìø,17,27
´°,18,27
Óî,19,27
¼Î,20,27
Ñò,21,27
ÔÝ,22,27
´ô,23,27
ÇÀ,24,27
ÊÎ,25,27
ÚÍ,26,27
·Æ,27,27
ÆÂ,28,27
Ä¹,29,27
±Ì,30,27
³â,31,27
ÒÌ,32,27
Ó¥,33,27
ÑÞ,34,27
Áå,35,27
Ì·,36,27
¹Õ,37,27
µv,38,27
ºð,39,27
Ì¿,40,27
×©,41,27
¶µ,42,27
´¼,43,27
Ëú,44,27
Î¼,45,27
ÐÆ,46,27
ëÊ,47,27
¿¶,48,27
ÇÊ,49,27
éý,50,27
óÏ,51,27
Ì±,52,27
Ùç,53,27
æâ,54,27
ÏÏ,55,27
éë,56,27
ÚÏ,57,27
Ýë,58,27
ã¾,59,27
Ñ´,60,27
Ùð,61,27
¿Ð,62,27
¸­,63,27
µÀ,0,28
ÓÖ,1,28
ºÎ,2,28
¸÷,3,28
±£,4,28
Æ·,5,28
²¼,6,28
³õ,7,28
¼¼,8,28
ÂÉ,9,28
Ð§,10,28
¼à,11,28
Äª,12,28
¼á,13,28
»µ,14,28
Ç¹,15,28
´Ç,16,28
Æú,17,28
×¥,18,28
Âé,19,28
·³,20,28
·¼,21,28
ÂÀ,22,28
Ë·,23,28
Á¯,24,28
Åå,25,28
Èá,26,28
Òº,27,28
ÀÇ,28,28
½ì,29,28
æª,30,28
É©,31,28
Åû,32,28
²´,33,28
½¾,34,28
Öö,35,28
ºà,36,28
¿£,37,28
Â÷,38,28
³Å,39,28
Æ¨,40,28
Ðô,41,28
¹¾,42,28
ÂÝ,43,28
¼³,44,28
è¤,45,28
ß¶,46,28
»¿,47,28
éÜ,48,28
ñæ,49,28
ëÐ,50,28
´§,51,28
æÚ,52,28
ÕÀ,53,28
³¸,54,28
ÅÍ,55,28
óÖ,56,28
ÇÑ,57,28
àË,58,28
ÎÎ,59,28
å¾,60,28
å÷,61,28
í½,62,28
ñµ,63,28
³ö,0,29
¶¨,1,29
Ïò,2,29
ÖÝ,3,29
½á,4,29
Òé,5,29
¾¡,6,29
Ï¢,7,29
Ïß,8,29
±ê,9,29
°ã,10,29
Ö¯,11,29
ÄÔ,12,29
½×,13,29
ÔÓ,14,29
ÅÜ,15,29
ÑÀ,16,29
¾¦,17,29
·Ï,18,29
ÎÈ,19,29
Ñà,20,29
ÊÛ,21,29
½±,22,29
¿¯,23,29
Éã,24,29
ÈÆ,25,29
µÏ,26,29
¹ð,27,29
Éü,28,29
Æ¿,29,29
ÐÜ,30,29
ºÇ,31,29
Ä®,32,29
Æ¸,33,29
¹à,34,29
Ôã,35,29
µÌ,36,29
°«,37,29
Ð³,38,29
×Ã,39,29
»Ë,40,29
ÖÀ,41,29
·«,42,29
Â¢,43,29
»©,44,29
É°,45,29
¾¥,46,29
°÷,47,29
Ñ¥,48,29
Ò´,49,29
ãå,50,29
ì³,51,29
Ò·,52,29
ß¡,53,29
ÃÂ,54,29
É×,55,29
¸Ü,56,29
îË,57,29
°ª,58,29
×­,59,29
éÒ,60,29
çæ,61,29
õÓ,62,29
Ø¨,63,29
¶ø,0,30
¼û,1,30
ÖÁ,2,30
»¯,3,30
Ìâ,4,30
Ïó,5,30
ÖÜ,6,30
ÊØ,7,30
µÜ,8,30
×ï,9,30
¶Î,10,30
Â½,11,30
²Ý,12,30
ÖÒ,13,30
½¥,14,30
ÂÇ,15,30
¶î,16,30
ÐÁ,17,30
±ù,18,30
Î©,19,30
¼À,20,30
Çã,21,30
ÓÄ,22,30
Â»,23,30
ÄÁ,24,30
À£,25,30
ÃÖ,26,30
ÓÞ,27,30
Ñ­,28,30
È¼,29,30
±À,30,30
ÆÝ,31,30
ºµ,32,30
Ö¥,33,30
ÍÞ,34,30
Æå,35,30
·Ø,36,30
¼§,37,30
Á²,38,30
´£,39,30
ÃÒ,40,30
Ë¤,41,30
Öê,42,30
Âæ,43,30
¾Ú,44,30
ÂÆ,45,30
ÂÙ,46,30
ÞÎ,47,30
É¼,48,30
ìÏ,49,30
óÒ,50,30
Ù£,51,30
ßË,52,30
¼÷,53,30
²³,54,30
¼î,55,30
ëÖ,56,30
Áß,57,30
ñ·,58,30
Ì»,59,30
íø,60,30
»û,61,30
÷ê,62,30
ØÓ,63,30
Òª,0,31
Ö»,1,31
Îï,2,31
¿Ú,3,31
È´,4,31
»¨,5,31
×Ú,6,31
µ³,7,31
¿Í,8,31
°É,9,31
¸£,10,31
¾ä,11,31
ºö,12,31
±³,13,31
²Ø,14,31
¿¿,15,31
°¶,16,31
±Ë,17,31
Õñ,18,31
Á¸,19,31
Ç½,20,31
ÔÛ,21,31
´¹,22,31
É£,23,31
±û,24,31
»Å,25,31
ÆË,26,31
Ã¬,27,31
·Ê,28,31
ºÝ,29,31
ÌÛ,30,31
ÚÖ,31,31
ÊË,32,31
´Å,33,31
ÇÞ,34,31
±ë,35,31
Î¹,36,31
ÀÄ,37,31
Ó±,38,31
ÆÃ,39,31
½å,40,31
ð½,41,31
Ð¼,42,31
Öó,43,31
Â¸,44,31
ÃÚ,45,31
Äµ,46,31
ÔÁ,47,31
Ìè,48,31
Å»,49,31
Æé,50,31
¿©,51,31
ÉÄ,52,31
×¶,53,31
³Ú,54,31
ëø,55,31
óÞ,56,31
æý,57,31
¶ê,58,31
Ìê,59,31
²þ,60,31
ðÄ,61,31
µy,62,31
ã×,63,31
ÓÚ,0,32
Ö÷,1,32
Õ½,2,32
ÈÎ,3,32
Ö¸,4,32
Æß,5,32
²¡,6,32
°ë,7,32
Î¯,8,32
Èº,9,32
Òø,10,32
Ëï,11,32
ÊÌ,12,32
ÐÕ,13,32
Ñ¹,14,32
Î¶,15,32
´Í,16,32
ºñ,17,32
Í¯,18,32
É­,19,32
¾¶,20,32
Ã°,21,32
ÄÍ,22,32
Ê¬,23,32
Ð÷,24,32
ºý,25,32
×²,26,32
Àø,27,32
·ê,28,32
Ò§,29,32
ÇÃ,30,32
·Ô,31,32
×Ì,32,32
µ®,33,32
×¹,34,32
Äò,35,32
×±,36,32
Í²,37,32
³«,38,32
ÆÏ,39,32
Ï¹,40,32
ÌÄ,41,32
Ôê,42,32
×¾,43,32
°Ó,44,32
Èò,45,32
Èî,46,32
¼¬,47,32
ê¡,48,32
×Á,49,32
·à,50,32
Éô,51,32
¿ø,52,32
ä¯,53,32
ë¼,54,32
æÎ,55,32
³ì,56,32
ä¸,57,32
²ù,58,32
×ç,59,32
Û¿,60,32
Æ¹,61,32
Àþ,62,32
æÂ,63,32
¾Í,0,33
Ã»,1,33
Òµ,2,33
Õæ,3,33
¸Ð,4,33
Íê,5,33
»ª,6,33
ÏØ,7,33
ÖÕ,8,33
´º,9,33
Íí,10,33
ÐÖ,11,33
¾²,12,33
Ë÷,13,33
Ôô,14,33
Ï×,15,33
Óè,16,33
Á·,17,33
·á,18,33
ÉÜ,19,33
¹º,20,33
Íß,21,33
½ò,22,33
ÌÀ,23,33
±Æ,24,33
Æ¥,25,33
´ç,26,33
¼Ð,27,33
ÓÕ,28,33
ÆÁ,29,33
Óæ,30,33
Õ«,31,33
Èé,32,33
·Ù,33,33
°þ,34,33
º¼,35,33
¿Ý,36,33
Åî,37,33
¶ì,38,33
Í÷,39,33
ò¯,40,33
à«,41,33
ÚÓ,42,33
Í©,43,33
À¦,44,33
Ôî,45,33
ç£,46,33
Î¡,47,33
î¡,48,33
Ù²,49,33
ÁØ,50,33
µÕ,51,33
ãô,52,33
÷ß,53,33
¹Á,54,33
ô¢,55,33
¶Û,56,33
åÐ,57,33
³º,58,33
ÏÑ,59,33
º¿,60,33
Íî,61,33
æø,62,33
ì±,63,33
ÏÂ,0,34
¹«,1,34
±»,2,34
²Å,3,34
ÄÑ,4,34
ÁÖ,5,34
³Æ,6,34
Çá,7,34
Ñ¡,8,34
Ïì,9,34
Ðû,10,34
°Õ,11,34
É¢,12,34
´©,13,34
ÎÂ,14,34
Çú,15,34
Éá,16,34
±©,17,34
Íæ,18,34
ÏÝ,19,34
ÅÄ,20,34
Âó,21,34
ÏÜ,22,34
Ãù,23,34
¸µ,24,34
Î±,25,34
Ð²,26,34
Ðª,27,34
Ñº,28,34
µù,29,34
¾À,30,34
³è,31,34
Éà,32,34
Ö¶,33,34
Õö,34,34
³p,35,34
Õ£,36,34
Ë¶,37,34
ß£,38,34
Õ´,39,34
ÆÇ,40,34
Ìé,41,34
Êê,42,34
Ü½,43,34
ÄÓ,44,34
Ïö,45,34
ìñ,46,34
µ¬,47,34
çù,48,34
µÞ,49,34
Ü¿,50,34
Òï,51,34
èª,52,34
ÄÊ,53,34
Õç,54,34
ö®,55,34
ÂÁ,56,34
ç³,57,34
èÑ,58,34
è±,59,34
ìå,60,34
×Ä,61,34
åã,62,34
÷Ê,63,34
µÃ,0,35
´Ó,1,35
Õþ,2,35
¼¸,3,35
Á¿,4,35
»ù,5,35
ÂÞ,6,35
ÖÊ,7,35
Áú,8,35
ÈÔ,9,35
»§,10,35
ÀÍ,11,35
ÅÐ,12,35
Îâ,13,35
Çä,14,35
±Ê,15,35
¶´,16,35
Ñµ,17,35
¿í,18,35
½Ü,19,35
³ß,20,35
±ö,21,35
Ã¼,22,35
Ó×,23,35
·¦,24,35
¸¹,25,35
¾£,26,35
Ê°,27,35
Ì³,28,35
ÉÂ,29,35
ÅÓ,30,35
Ðß,31,35
Ðå,32,35
¾ú,33,35
Ç»,34,35
´Ä,35,35
¶¢,36,35
Ë²,37,35
¾þ,38,35
´Ü,39,35
·÷,40,35
Æ©,41,35
²Ñ,42,35
³Ä,43,35
¾Ì,44,35
áç,45,35
Ó¾,46,35
ÙÁ,47,35
¿»,48,35
ÄÅ,49,35
µú,50,35
è÷,51,35
Ñ¬,52,35
Ú¡,53,35
éà,54,35
àÈ,55,35
öÇ,56,35
äÎ,57,35
Üç,58,35
Ó‚,59,35
õæ,60,35
Çº,61,35
ÛÆ,62,35
ÜÇ,63,35
¿É,0,36
Öª,1,36
ÄÚ,2,36
½Ì,3,36
Îñ,4,36
·þ,5,36
°®,6,36
Óï,7,36
ÊÆ,8,36
Ä³,9,36
ÓÎ,10,36
»ñ,11,36
Ñø,12,36
·²,13,36
°ï,14,36
Ñ©,15,36
Ñï,16,36
Ë¿,17,36
Èø,18,36
Æ«,19,36
Éì,20,36
Ä§,21,36
½ä,22,36
ÇÄ,23,36
¶Ñ,24,36
Í¦,25,36
µ°,26,36
´ä,27,36
²£,28,36
À¥,29,36
Ë¡,30,36
µõ,31,36
µÎ,32,36
²ø,33,36
ÀÈ,34,36
³ø,35,36
¾±,36,36
¹ø,37,36
Á´,38,36
ºå,39,36
ÌÑ,40,36
±õ,41,36
½©,42,36
ÕÓ,43,36
¿Ä,44,36
¶º,45,36
ã¡,46,36
ÁÎ,47,36
³Þ,48,36
±¹,49,36
¾¤,50,36
÷±,51,36
½Ä,52,36
Âà,53,36
í¥,54,36
ÚÆ,55,36
â¡,56,36
Þ¹,57,36
îá,58,36
´é,59,36
ÀÒ,60,36
Óå,61,36
¼Ô,62,36
ä±,63,36
Äã,0,37
Ê¹,1,37
Îå,2,37
¹Ù,3,37
ÖÎ,4,37
´ø,5,37
µ¼,6,37
Ô½,7,37
¿¼,8,37
Ï¸,9,37
Ïã,10,37
¾É,11,37
»ý,12,37
¼ª,13,37
ËÉ,14,37
·Ý,15,37
Íå,16,37
Ö½,17,37
¶á,18,37
¹Â,19,37
Äñ,20,37
³à,21,37
À²,22,37
³·,23,37
¸ý,24,37
»Ã,25,37
ËÈ,26,37
¿°,27,37
Õì,28,37
¸À,29,37
Å¯,30,37
Âï,31,37
±â,32,37
À¹,33,37
ÌÎ,34,37
ßµ,35,37
æ¾,36,37
µþ,37,37
Êù,38,37
Êú,39,37
óÆ,40,37
ÈÜ,41,37
ÑÄ,42,37
Ü°,43,37
¶ô,44,37
·Ð,45,37
ã£,46,37
òÔ,47,37
÷Ï,48,37
»Ï,49,37
½·,50,37
É¬,51,37
Áû,52,37
á¦,53,37
È¶,54,37
Ñß,55,37
ë¹,56,37
Åþ,57,37
õà,58,37
Ïõ,59,37
°ú,60,37
ôí,61,37
È¬,62,37
êÇ,63,37
Äê,0,38
²¿,1,38
¶ù,2,38
ÉÙ,3,38
È¡,4,38
¾Ý,5,38
È·,6,38
¿ö,7,38
ÓÒ,8,38
³Ð,9,38
²É,10,38
Íø,11,38
Ç²,12,38
¼¤,13,38
»»,14,38
ÒÇ,15,38
¹Ý,16,38
Öé,17,38
¶Å,18,38
Î¥,19,38
ÖÙ,20,38
Ä¦,21,38
Ç©,22,38
Õ¶,23,38
¸¨,24,38
¼­,25,38
Æµ,26,38
×Ù,27,38
¼É,28,38
³Û,29,38
°Ä,30,38
³¦,31,38
ÆÖ,32,38
ÆÓ,33,38
º×,34,38
À¢,35,38
ÅÎ,36,38
Ìû,37,38
Ç¸,38,38
²û,39,38
Áö,40,38
¹®,41,38
Ý£,42,38
µé,43,38
Ôß,44,38
ßÖ,45,38
Ä¡,46,38
Ì´,47,38
¼å,48,38
ëÈ,49,38
åÉ,50,38
ñ´,51,38
äÖ,52,38
ÎÃ,53,38
ÚÐ,54,38
Ú¹,55,38
æ£,56,38
ÙÎ,57,38
°·,58,38
ÝÓ,59,38
²Ú,60,38
Àß,61,38
Ôü,62,38
°¿,63,38
Éú,0,39
±¾,1,39
¼°,2,39
Ë¾,3,39
³¡,4,39
½ç,5,39
ÄØ,6,39
¾Ù,7,39
Êô,8,39
ÄÃ,9,39
ÐÞ,10,39
Ô¤,11,39
¹Ö,12,39
Éó,13,39
ºî,14,39
À§,15,39
½¢,16,39
ÓÈ,17,39
ÑÉ,18,39
Ï¤,19,39
¹Ò,20,39
Ó²,21,39
°î,22,39
Ñ×,23,39
ÇÆ,24,39
Èö,25,39
»£,26,39
¸î,27,39
ÄÕ,28,39
¼Å,29,39
ºã,30,39
¸Î,31,39
°³,32,39
ØÊ,33,39
ÕÖ,34,39
ËÇ,35,39
°ô,36,39
ºø,37,39
µì,38,39
ÁÕ,39,39
ÓÓ,40,39
Ê´,41,39
Öá,42,39
ÅÏ,43,39
ËÔ,44,39
Òá,45,39
áª,46,39
×Î,47,39
ãþ,48,39
¿¥,49,39
¾é,50,39
¹Ó,51,39
Àé,52,39
Èæ,53,39
µó,54,39
Èù,55,39
·¾,56,39
å­,57,39
ÚÎ,58,39
í¦,59,39
·Ì,60,39
Ì÷,61,39
åÆ,62,39
Í±,63,39
×Ô,0,40
¶¯,1,40
Èë,2,40
µÂ,3,40
Ë¼,4,40
ÔÆ,5,40
°ì,6,40
»Ê,7,40
¾Æ,8,40
Ê©,9,40
Äï,10,40
Ã¦,11,40
¶ú,12,40
½£,13,40
¿¹,14,40
Çì,15,40
¹Ä,16,40
ÕÉ,17,40
Ç±,18,40
»Ù,19,40
±Ò,20,40
Êð,21,40
Ô×,22,40
±Ç,23,40
¼â,24,40
Ìù,25,40
¿ó,26,40
Æ£,27,40
ÇÕ,28,40
±æ,29,40
Âß,30,40
½Î,31,40
ÊÝ,32,40
Å¦,33,40
Åè,34,40
±á,35,40
»Ì,36,40
É´,37,40
É§,38,40
·¡,39,40
µ¡,40,40
Îú,41,40
´ì,42,40
·®,43,40
Àæ,44,40
Ñ£,45,40
Ô§,46,40
Ç¶,47,40
éÔ,48,40
äÂ,49,40
Àâ,50,40
Íà,51,40
Õ±,52,40
Ï¬,53,40
ÆÒ,54,40
ó´,55,40
»Á,56,40
ÂË,57,40
ß±,58,40
ãØ,59,40
Ìë,60,40
Þ£,61,40
ðÎ,62,40
Êò,63,40
»á,0,41
ÏÖ,1,41
ÏÈ,2,41
½â,3,41
µç,4,41
¾õ,5,41
½Ú,6,41
Ç®,7,41
Å©,8,41
¼±,9,41
Ä¾,10,41
¹ó,11,41
Õò,12,41
²ã,13,41
Îç,14,41
ÅÔ,15,41
Ê¢,16,41
Êø,17,41
È¤,18,41
Ô®,19,41
Ï´,20,41
ËÂ,21,41
ÆÄ,22,41
¼ý,23,41
¶­,24,41
Äà,25,41
Æõ,26,41
Öæ,27,41
Ï¼,28,41
´Ô,29,41
¹­,30,41
µñ,31,41
³¶,32,41
¿Â,33,41
Çô,34,41
Ð¤,35,41
ÈÂ,36,41
Þ°,37,41
Ïá,38,41
Ðö,39,41
Ñ»,40,41
¶é,41,41
ÐÏ,42,41
Îê,43,41
±ò,44,41
Æ§,45,41
µü,46,41
ê°,47,41
Ãé,48,41
¼ã,49,41
÷Þ,50,41
ÓÔ,51,41
Â±,52,41
Çæ,53,41
Ì¦,54,41
Ïð,55,41
¸È,56,41
ÈÛ,57,41
õÎ,58,41
èï,59,41
Îæ,60,41
µÅ,61,41
³h,62,41
É¦,63,41
ÄÇ,0,42
Òò,1,42
¼º,2,42
Éñ,3,42
¿Õ,4,42
Ïñ,5,42
¸ù,6,42
Àú,7,42
Æ¬,8,42
Ö°,9,42
Ì¬,10,42
´í,11,42
µÇ,12,42
ÖÞ,13,42
¿¤,14,42
»¥,15,42
¾Þ,16,42
Î¨,17,42
µÖ,18,42
´¿,19,42
Æ¶,20,42
ÅÆ,21,42
Ñ¶,22,42
´È,23,42
»ó,24,42
Ã½,25,42
ÌÚ,26,42
ÂÓ,27,42
»ë,28,42
·è,29,42
¼·,30,42
Êª,31,42
½ß,32,42
Â¯,33,42
ìô,34,42
ÖÔ,35,42
Óä,36,42
ÀÝ,37,42
»Â,38,42
¸Þ,39,42
¶Ã,40,42
²°,41,42
óÛ,42,42
¶×,43,42
Ð¾,44,42
´Ø,45,42
´õ,46,42
Ø¹,47,42
Äð,48,42
¶§,49,42
Èà,50,42
ÓØ,51,42
Ì­,52,42
Ì£,53,42
õÔ,54,42
åç,55,42
¼Ï,56,42
Ú«,57,42
âè,58,42
÷Ù,59,42
¸þ,60,42
³ú,61,42
ïÀ,62,42
öÎ,63,42
ºó,0,43
¿ª,1,43
°²,2,43
Ôò,3,43
±ß,4,43
Ôº,5,43
»÷,6,43
Áô,7,43
Ï£,8,43
Áí,9,43
¹»,10,43
Ê÷,11,43
Óö,12,43
½Å,13,43
Ñó,14,43
Ãð,15,43
°å,16,43
×ì,17,43
Â¡,18,43
ÇÉ,19,43
Æô,20,43
Ç¡,21,43
°é,22,43
µ´,23,43
ÈÅ,24,43
ÈÉ,25,43
²å,26,43
¹ö,27,43
Î·,28,43
¸å,29,43
Ìí,30,43
Çí,31,43
³Í,32,43
Áï,33,43
ÑÜ,34,43
²ü,35,43
·Î,36,43
¿ý,37,43
ÔÔ,38,43
É²,39,43
··,40,43
±Ó,41,43
¿ü,42,43
²Ï,43,43
ÂÂ,44,43
°ý,45,43
ÞÈ,46,43
À½,47,43
Ó¬,48,43
çÑ,49,43
ÞÕ,50,43
Ãõ,51,43
Ùò,52,43
Éå,53,43
Å¿,54,43
²ó,55,43
ÃÓ,56,43
ó×,57,43
Ö©,58,43
ÙÄ,59,43
ÀÞ,60,43
Ôþ,61,43
çý,62,43
Ù±,63,43
ÄÜ,0,44
Ð©,1,44
»ò,2,44
±Ø,3,44
Í³,4,44
·É,5,44
ÉÌ,6,44
ÀÖ,7,44
ÆÆ,8,44
¸Ò,9,44
»®,10,44
×·,11,44
¿Ö,12,44
Ïç,13,44
Ï¯,14,44
Áº,15,44
²Ä,16,44
¸Û,17,44
·û,18,44
ºá,19,44
¾à,20,44
»ê,21,44
×³,22,44
·º,23,44
Ç÷,24,44
»Û,25,44
°­,26,44
À°,27,44
ÎÌ,28,44
±Ù,29,44
Á¶,30,44
½¿,31,44
Ã¶,32,44
³­,33,44
ÈÓ,34,44
¸©,35,44
ÃÞ,36,44
´Ý,37,44
Ïï,38,44
ÌÊ,39,44
Õú,40,44
´É,41,44
¹¢,42,44
À±,43,44
ÚÊ,44,44
ÃÈ,45,44
Ãá,46,44
Å¥,47,44
´×,48,44
»å,49,44
Ïù,50,44
¿¸,51,44
¼í,52,44
Õ¦,53,44
ìâ,54,44
âÍ,55,44
Â´,56,44
÷¶,57,44
·ã,58,44
Úþ,59,44
²º,60,44
ó»,61,44
Ú´,62,44
Ú­,63,44
¶Ô,0,45
Àí,1,45
Àû,2,45
±ø,3,45
¼þ,4,45
Ô¶,5,45
³Â,6,45
ÕÂ,7,45
Î½,8,45
¸ú,9,45
Ðø,10,45
ÁÙ,11,45
ÌÆ,12,45
É³,13,45
ÒÕ,14,45
Ô°,15,45
ÏÊ,16,45
Îü,17,45
ÎÚ,18,45
ÃÔ,19,45
È°,20,45
Íµ,21,45
»Ò,22,45
¹ù,23,45
Î¤,24,45
×Ð,25,45
´¢,26,45
Âñ,27,45
Òó,28,45
Áë,29,45
»Î,30,45
°º,31,45
Ñ¾,32,45
³Ã,33,45
Ëå,34,45
Öè,35,45
ìû,36,45
ºç,37,45
Òç,38,45
ÕË,39,45
´Æ,40,45
Ìä,41,45
Ó¶,42,45
½Á,43,45
Æ»,44,45
èµ,45,45
µæ,46,45
À¿,47,45
à¶,48,45
Äô,49,45
ÅÇ,50,45
Ù©,51,45
åÚ,52,45
Ï¨,53,45
õâ,54,45
ÎÉ,55,45
ÒÈ,56,45
ØÃ,57,45
æµ,58,45
à²,59,45
ì§,60,45
Ùá,61,45
¾á,62,45
½¤,63,45
×Å,0,46
³¤,1,46
ºÜ,2,46
Æø,3,46
ÆÚ,4,46
ÊÕ,5,46
»ð,6,46
ÕÕ,7,46
Ï²,8,46
½²,9,46
¾³,10,46
²®,11,46
ÌÃ,12,46
ÍÐ,13,46
½û,14,46
ÆÀ,15,46
Êä,16,46
¿×,17,46
ÒÛ,18,46
°Ö,19,46
³½,20,46
×Ï,21,46
ÕÊ,22,46
Ëõ,23,46
Àè,24,46
Ôá,25,46
·æ,26,46
ÓÏ,27,46
ÎÔ,28,46
¼Á,29,46
°á,30,46
ÏÒ,31,46
ÁÅ,32,46
³Ü,33,46
Á§,34,46
´þ,35,46
Ï¶,36,46
Õí,37,46
Ü²,38,46
Õ³,39,46
¸«,40,46
Å°,41,46
Ôä,42,46
ÃÙ,43,46
ÀÌ,44,46
Åò,45,46
Àê,46,46
Í¡,47,46
ñ²,48,46
±Á,49,46
°À,50,46
Øè,51,46
ôË,52,46
¿¬,53,46
é¡,54,46
±Å,55,46
ó¸,56,46
äß,57,46
±å,58,46
ïñ,59,46
êÂ,60,46
Á»,61,46
ãç,62,46
ê¢,63,46
ÊÂ,0,47
Ã÷,1,47
×î,2,47
´ò,3,47
¿Ë,4,47
Ê¯,5,47
ÐË,6,47
Æ÷,7,47
·Ñ,8,47
·À,9,47
Ã×,10,47
Óý,11,47
Ú¯,12,47
·î,13,47
¸Ï,14,47
¶Ì,15,47
±é,16,47
Èõ,17,47
¾ã,18,47
Ö¼,19,47
µÁ,20,47
»´,21,47
×ò,22,47
·ö,23,47
ÔÕ,24,47
°û,25,47
Áä,26,47
×ô,27,47
Ñ¯,28,47
Èè,29,47
ÌÈ,30,47
Çê,31,47
ÕÇ,32,47
¿Ê,33,47
Á±,34,47
Óâ,35,47
Ëª,36,47
Ã©,37,47
Æ×,38,47
ÑÍ,39,47
¿ú,40,47
×®,41,47
Âµ,42,47
×µ,43,47
°È,44,47
Ó¨,45,47
ÙÈ,46,47
Ù¿,47,47
Óá,48,47
Ìº,49,47
Ö¿,50,47
âÁ,51,47
ÁÈ,52,47
ÌÌ,53,47
ÕÞ,54,47
àà,55,47
èÉ,56,47
äÒ,57,47
ó·,58,47
³Ò,59,47
¶¿,60,47
ÚÔ,61,47
´è,62,47
éÊ,63,47
Æä,0,48
Ñù,1,48
Êé,2,48
Ô±,3,48
µÛ,4,48
ÖÚ,5,48
¾©,6,48
Ð´,7,48
Ì¸,8,48
¶À,9,48
¼Ù,10,48
ÆÕ,11,48
Öø,12,48
³Á,13,48
Å£,14,48
´¨,15,48
Èâ,16,48
ÕÛ,17,48
»ï,18,48
ÏÐ,19,48
Å¬,20,48
¸¥,21,48
À÷,22,48
°¬,23,48
¼Ñ,24,48
Æò,25,48
¶Ü,26,48
ÆÛ,27,48
¶ª,28,48
Ñû,29,48
Ó¯,30,48
ÎÖ,31,48
¾§,32,48
ÏÎ,33,48
Öò,34,48
Äº,35,48
¿Ó,36,48
¼ó,37,48
¹ü,38,48
¿±,39,48
Ì¶,40,48
°ó,41,48
´Â,42,48
ÍÕ,43,48
µ·,44,48
ËÖ,45,48
½ó,46,48
á¡,47,48
î¿,48,48
°Ç,49,48
êÈ,50,48
à¡,51,48
îÈ,52,48
âê,53,48
±¢,54,48
õ¡,55,48
¿û,56,48
µí,57,48
éû,58,48
³í,59,48
ÀÐ,60,48
Þñ,61,48
Õî,62,48
¾Ò,63,48
Àï,0,49
Òâ,1,49
ÖÆ,2,49
ÔÙ,3,49
Ç×,4,49
³µ,5,49
×¢,6,49
ÍÅ,7,49
Òô,8,49
Ôð,9,49
Î¢,10,49
Ê«,11,49
ÐÒ,12,49
Íö,13,49
Éê,14,49
±à,15,49
º¬,16,49
µÆ,17,49
Õ¨,18,49
Ë×,19,49
×À,20,49
²Ë,21,49
¼®,22,49
Ôù,23,49
·µ,24,49
Í¤,25,49
ÊÞ,26,49
Ã®,27,49
¼ü,28,49
ÀÀ,29,49
Ïæ,30,49
Óß,31,49
Ùâ,32,49
µµ,33,49
¶Ä,34,49
Â®,35,49
»Í,36,49
µû,37,49
Ä°,38,49
¾ì,39,49
ÛÚ,40,49
Éº,41,49
¾ê,42,49
ÄÛ,43,49
×Ç,44,49
Ìã,45,49
²ï,46,49
ç·,47,49
Ëó,48,49
Ñì,49,49
Áð,50,49
Áò,51,49
Ä´,52,49
Ø§,53,49
¹¸,54,49
ÞÖ,55,49
ÌÞ,56,49
í²,57,49
Ú½,58,49
±½,59,49
ÜÖ,60,49
ÄÞ,61,49
ÛÓ,62,49
Øý,63,49
Ëù,0,50
ÒÑ,1,50
ÃÀ,2,50
ÂÛ,3,50
¸´,4,50
ºò,5,50
Ëä,6,50
Öî,7,50
²é,8,50
½Ï,9,50
ÊÔ,10,50
¸±,11,50
ÅÅ,12,50
¿µ,13,50
ÏÉ,14,50
Ì½,15,50
Ôñ,16,50
Õð,17,50
Ëþ,18,50
·¬,19,50
ÆÍ,20,50
À³,21,50
¹á,22,50
Âê,23,50
ÔÄ,24,50
³¾,25,50
½à,26,50
º¥,27,50
×È,28,50
Ã±,29,50
¶Ç,30,50
Ã¨,31,50
ÊÄ,32,50
º±,33,50
´Õ,34,50
Åá,35,50
ÑÂ,36,50
÷ë,37,50
Íð,38,50
Ê¨,39,50
ÏÃ,40,50
Ëç,41,50
µ¸,42,50
»¡,43,50
¸â,44,50
Ä­,45,50
ÇÌ,46,50
Æº,47,50
Âº,48,50
º³,49,50
Óç,50,50
Èä,51,50
Ïâ,52,50
Ë©,53,50
ð¡,54,50
ô¡,55,50
êÚ,56,50
×¸,57,50
ÞÒ,58,50
÷Ò,59,50
ÅÈ,60,50
è£,61,50
æÃ,62,50
ôÖ,63,50
È¥,0,51
ÔÂ,1,51
É½,2,51
±ð,3,51
×¡,4,51
Àà,5,51
É±,6,51
ÎÅ,7,51
×¨,8,51
Íþ,9,51
ÉË,10,51
³ä,11,51
¼ò,12,51
ÒË,13,51
Îó,14,51
¸è,15,51
Ðã,16,51
Ìæ,17,51
·£,18,51
¼¾,19,51
È¾,20,51
Éæ,21,51
ºØ,22,51
»è,23,51
Çü,24,51
Âë,25,51
ÌÒ,26,51
×½,27,51
¶ã,28,51
Òü,29,51
Öí,30,51
Áý,31,51
³ê,32,51
Æ´,33,51
¸Ô,34,51
ÃÄ,35,51
Ô¡,36,51
¼ô,37,51
ÉÑ,38,51
É¯,39,51
±Ð,40,51
³°,41,51
¶¸,42,51
ñÒ,43,51
Æù,44,51
Ý´,45,51
ÕØ,46,51
æç,47,51
³Ñ,48,51
ì¾,49,51
»¦,50,51
²Þ,51,51
ØÒ,52,51
Á×,53,51
Âì,54,51
ÍÔ,55,51
îý,56,51
³÷,57,51
Ñê,58,51
ïô,59,51
ÑË,60,51
ßí,61,51
õõ,62,51
Á¡,63,51
ÐÐ,0,52
Õý,1,52
Ìå,2,52
Ìý,3,52
Çë,4,52
³Ì,5,52
¸¸,6,52
Òà,7,52
Ö¹,8,52
ËÕ,9,52
¸Õ,10,52
ÓÀ,11,52
Äþ,12,52
³¬,13,52
ÖÓ,14,52
³Ë,15,52
¶¾,16,52
Åµ,17,52
²è,18,52
±´,19,52
Ìü,20,52
×¤,21,52
¹ß,22,52
Ó³,23,52
ÍÂ,24,52
ÐÀ,25,52
ëÞ,26,52
åú,27,52
¹ò,28,52
¸¯,29,52
±°,30,52
ÔÎ,31,52
´½,32,52
±Þ,33,52
ÆÐ,34,52
Åõ,35,52
¿ã,36,52
Æà,37,52
¸¿,38,52
µ»,39,52
Ãµ,40,52
¹å,41,52
ÏÙ,42,52
½Ã,43,52
á¯,44,52
Ø½,45,52
åÓ,46,52
ç²,47,52
Çõ,48,52
Îµ,49,52
Ã¡,50,52
ìõ,51,52
âß,52,52
ÆÔ,53,52
ÉÖ,54,52
óÓ,55,52
Ú×,56,52
Ø°,57,52
¿ê,58,52
õ¹,59,52
Ó§,60,52
óÊ,61,52
é¦,62,52
êÑ,63,52
¹ý,0,53
Ïë,1,53
Ê²,2,53
Ìá,3,53
ÊÐ,4,53
×ª,5,53
´æ,6,53
×ã,7,53
Âð,8,53
Ë«,9,53
×´,10,53
²Æ,11,53
Éý,12,53
Ä±,13,53
¿é,14,53
ÃÉ,15,53
Æª,16,53
·­,17,53
Ì¹,18,53
¾Û,19,53
Õë,20,53
Óü,21,53
Ìô,22,53
Ñü,23,53
Ñ¦,24,53
ÁÚ,25,53
Ô¬,26,53
½÷,27,53
¼¢,28,53
¹Ñ,29,53
Ãç,30,53
ÅË,31,53
Çç,32,53
È¢,33,53
¹ê,34,53
³©,35,53
ÈÇ,36,53
ËÌ,37,53
É·,38,53
Íá,39,53
æä,40,53
Êá,41,53
Çñ,42,53
ÌË,43,53
·ø,44,53
Ô÷,45,53
Õü,46,53
×º,47,53
çô,48,53
Îà,49,53
ëü,50,53
ÂÈ,51,53
ê»,52,53
½§,53,53
æÌ,54,53
»Ç,55,53
Ââ,56,53
îÒ,57,53
ôÀ,58,53
Úº,59,53
Ëñ,60,53
îù,61,53
îº,62,53
ñ±,63,53
¼Ò,0,54
Êµ,1,54
ÐÂ,2,54
Íò,3,54
Áù,4,54
¹²,5,54
³¼,6,54
Óà,7,54
ÕÒ,8,54
ÉÆ,9,54
À¼,10,54
ÊÊ,11,54
¼ì,12,54
ÑÝ,13,54
·¹,14,54
¹í,15,54
¼æ,16,54
Èû,17,54
²Ê,18,54
ÒÚ,19,54
Êè,20,54
ÃÏ,21,54
¼¦,22,54
³¿,23,54
È¦,24,54
Áµ,25,54
²Í,26,54
Éß,27,54
½¼,28,54
Ðü,29,54
Ð¹,30,54
Òö,31,54
Òß,32,54
ÆÑ,33,54
Ï±,34,54
÷ì,35,54
ÎÇ,36,54
±ª,37,54
ÕÍ,38,54
°¦,39,54
ÈÐ,40,54
Ää,41,54
ÞÉ,42,54
Ò¥,43,54
°°,44,54
Ó«,45,54
Ôë,46,54
¶Ð,47,54
´Ð,48,54
êª,49,54
´Á,50,54
ç÷,51,54
Ö¨,52,54
Öâ,53,54
ºû,54,54
ÂÕ,55,54
Â°,56,54
Êã,57,54
Úì,58,54
Ë±,59,54
óÝ,60,54
¾Â,61,54
¶ß,62,54
Àó,63,54
Ê®,0,55
°Ñ,1,55
»°,2,55
ËÀ,3,55
·Å,4,55
Ç§,5,55
×¼,6,55
Õû,7,55
Ê³,8,55
Ð£,9,55
Ëß,10,55
Ê¥,11,55
Ìú,12,55
Ð­,13,55
Ó­,14,55
Å·,15,55
»é,16,55
Ã·,17,55
²Ü,18,55
Ì×,19,55
Ã³,20,55
ÕÑ,21,55
ÄÎ,22,55
ºÀ,23,55
É¨,24,55
Á¾,25,55
²Ò,26,55
µÒ,27,55
½Ò,28,55
ë·,29,55
²ñ,30,55
Òè,31,55
Ö×,32,55
ÒÐ,33,55
Ãß,34,55
´­,35,55
·Õ,36,55
Ù¹,37,55
º§,38,55
Ãý,39,55
±ý,40,55
»ä,41,55
·È,42,55
³¨,43,55
ºÙ,44,55
¼Õ,45,55
äî,46,55
åó,47,55
â£,48,55
ÀÅ,49,55
Òð,50,55
æû,51,55
³ã,52,55
Çµ,53,55
ÖÅ,54,55
Îë,55,55
Þ±,56,55
áé,57,55
Èþ,58,55
â§,59,55
æ÷,60,55
¿ô,61,55
ñÇ,62,55
à÷,63,55
ÓÃ,0,56
µ«,1,56
Ãû,2,56
¸ü,3,56
·ç,4,56
Ê½,5,56
¹ã,6,56
¼Û,7,56
×°,8,56
ÓÑ,9,56
Öú,10,56
Ñª,11,56
½Ç,12,56
ºþ,13,56
»õ,14,56
Âå,15,56
Ñ½,16,56
Îè,17,56
Ì©,18,56
ÔÖ,19,56
»Ä,20,56
´µ,21,56
·¥,22,56
Ã²,23,56
Çý,24,56
½¹,25,56
¼¨,26,56
Ì°,27,56
ÓÊ,28,56
Óþ,29,56
Éª,30,56
¹´,31,56
ÅÖ,32,56
Ãë,33,56
·ý,34,56
¾Ø,35,56
³ô,36,56
ÊÅ,37,56
è¯,38,56
Çû,39,56
Ð¶,40,56
º­,41,56
Äó,42,56
Ã¹,43,56
×Æ,44,56
öª,45,56
È£,46,56
±Ä,47,56
°¼,48,56
º·,49,56
Äå,50,56
å·,51,56
ÑÙ,52,56
í¶,53,56
Ñ³,54,56
Â­,55,56
æÖ,56,56
ÝÍ,57,56
Ù¯,58,56
é×,59,56
ÆÙ,60,56
ØÄ,61,56
á¶,62,56
ì÷,63,56
·¢,0,57
Ïà,1,57
Ô»,2,57
±È,3,57
×Ê,4,57
Ê§,5,57
Ê×,6,57
ºÅ,7,57
¾ø,8,57
Î§,9,57
Õ÷,10,57
µ¯,11,57
¹Ë,12,57
¹Ã,13,57
²¹,14,57
ÑÌ,15,57
ÃÃ,16,57
µ¤,17,57
Ì¾,18,57
Àá,19,57
²Ã,20,57
¾µ,21,57
Å¼,22,57
ºÕ,23,57
Ä«,24,57
ËÃ,25,57
Èå,26,57
Ñá,27,57
ÂÄ,28,57
¼Þ,29,57
¹Ï,30,57
Íë,31,57
ÇÜ,32,57
½³,33,57
¹³,34,57
·»,35,57
³³,36,57
ÑÈ,37,57
¼¹,38,57
º¶,39,57
¸é,40,57
Àº,41,57
Äù,42,57
ÈØ,43,57
è°,44,57
ÔÉ,45,57
Ô¯,46,57
÷Ö,47,57
¶ó,48,57
ãÌ,49,57
´¯,50,57
Ðæ,51,57
î¾,52,57
åÇ,53,57
ÙÞ,54,57
Ø®,55,57
ÅÒ,56,57
ðÐ,57,57
Û»,58,57
ßº,59,57
ðÀ,60,57
ãÇ,61,57
âü,62,57
Ôû,63,57
Ìì,0,58
Á½,1,58
ºÏ,2,58
ÊÜ,3,58
Çó,4,58
Á÷,5,58
ºõ,6,58
¼¶,7,58
´ð,8,58
½ö,9,58
Ê¤,10,58
°Ý,11,58
´å,12,58
ÕÔ,13,58
²©,14,58
×ð,15,58
Â×,16,58
ÔÞ,17,58
´¡,18,58
ÓÇ,19,58
Ñ¸,20,58
¹·,21,58
Ï§,22,58
Ãè,23,58
Ëé,24,58
ÇÇ,25,58
âÅ,26,58
µÙ,27,58
Êà,28,58
Ï¡,29,58
Ã¯,30,58
×Ë,31,58
¾Ð,32,58
¿ä,33,58
Ãà,34,58
¹÷,35,58
¿Ò,36,58
âÖ,37,58
ÌÙ,38,58
ÆÜ,39,58
Ú¤,40,58
¿¦,41,58
Õ°,42,58
å£,43,58
°½,44,58
²È,45,58
ò¡,46,58
µÔ,47,58
ÎÐ,48,58
Éû,49,58
¿Ñ,50,58
èº,51,58
¼¿,52,58
öÄ,53,58
áÈ,54,58
ã²,55,58
Ã¥,56,58
Û£,57,58
´ê,58,58
í³,59,58
±º,60,58
ãë,61,58
µá,62,58
âÐ,63,58
Èç,0,59
Ãñ,1,59
¼Ó,2,59
°Ù,3,59
Ê·,4,59
Ã¿,5,59
¾ß,6,59
²Î,7,59
µÐ,8,59
¼Í,9,59
¾¹,10,59
À×,11,59
¶Á,12,59
¸¶,13,59
ÖÇ,14,59
ÐÝ,15,59
·Ã,16,59
Ôâ,17,59
Í¾,18,59
¿ñ,19,59
¸ó,20,59
ÈÚ,21,59
µ¨,22,59
ÑÒ,23,59
ÏÅ,24,59
³Ê,25,59
ÚÉ,26,59
Ë£,27,59
Ñå,28,59
Ï÷,29,59
Ç«,30,59
Éþ,31,59
´â,32,59
ÑÊ,33,59
ÅÛ,34,59
Ä¨,35,59
¾è,36,59
¾ò,37,59
Æ¼,38,59
Å²,39,59
Éð,40,59
¶Ê,41,59
Ù»,42,59
Ðú,43,59
ÇÎ,44,59
Ä²,45,59
ÙÂ,46,59
Ùº,47,59
Ðõ,48,59
Èµ,49,59
Ï­,50,59
Èï,51,59
Êû,52,59
×Í,53,59
ÊÃ,54,59
ÍÎ,55,59
ÐÃ,56,59
È×,57,59
»þ,58,59
Åº,59,59
æÁ,60,59
ÝÖ,61,59
ÁÇ,62,59
ßÈ,63,59
È»,0,60
Ëý,1,60
ÊÀ,2,60
×ö,3,60
É«,4,60
¸Ã,5,60
Éõ,6,60
Ê¾,7,60
º¦,8,60
×å,9,60
Ïî,10,60
¸¾,11,60
»Ó,12,60
°à,13,60
ÈÊ,14,60
Åó,15,60
¹Ç,16,60
Í¢,17,60
ÄÌ,18,60
º°,19,60
»Ý,20,60
¾Ü,21,60
±Ý,22,60
´ü,23,60
¹À,24,60
»ô,25,60
Ä¥,26,60
ÅÁ,27,60
°Ô,28,60
ÃÆ,29,60
Âõ,30,60
ºü,31,60
ÈÖ,32,60
¸Ú,33,60
¹¶,34,60
Î¸,35,60
´³,36,60
ÇÝ,37,60
°ñ,38,60
È®,39,60
¿ò,40,60
·ó,41,60
õ£,42,60
³ñ,43,60
åá,44,60
¶Í,45,60
È½,46,60
ñ£,47,60
¿ß,48,60
·§,49,60
Ì¼,50,60
ë£,51,60
¼»,52,60
²Û,53,60
ÍÜ,54,60
æÏ,55,60
¸Æ,56,60
ä¾,57,60
ÔÇ,58,60
ÓÙ,59,60
ÙÓ,60,60
çÖ,61,60
Ü¡,62,60
å¿,63,60
×÷,0,61
Á¦,1,61
Æ½,2,61
¶û,3,61
ÐÎ,4,61
³¯,5,61
»Æ,6,61
Ö§,7,61
ÃÜ,8,61
Ë­,9,61
¼Ì,10,61
ÄÄ,11,61
ÒÓ,12,61
ÕÐ,13,61
¿î,14,61
µä,15,61
Áê,16,61
Êì,17,61
º®,18,61
´÷,19,61
³Ù,20,61
¶É,21,61
µ­,22,61
ÐØ,23,61
¾¢,24,61
Äâ,25,61
ËÑ,26,61
½Ø,27,61
»Ú,28,61
Îõ,29,61
ÀÃ,30,61
¼¡,31,61
Ãº,32,61
ÒÝ,33,61
Ñ®,34,61
¸Ë,35,61
³á,36,61
ÃÁ,37,61
ÍÃ,38,61
¹Î,39,61
Äß,40,61
µ¢,41,61
¹î,42,61
é½,43,61
í£,44,61
Ë¸,45,61
É¤,46,61
Æ³,47,61
Ôè,48,61
ÀÂ,49,61
²õ,50,61
º´,51,61
â×,52,61
ôÁ,53,61
ÚÑ,54,61
àÎ,55,61
½Ñ,56,61
Ñð,57,61
Åý,58,61
éÖ,59,61
Ú³,60,61
ïÖ,61,61
¶Þ,62,61
â²,63,61
·½,0,62
ÎÄ,1,62
Ë®,2,62
¼´,3,62
Íû,4,62
Ê¼,5,62
Âú,6,62
ºì,7,62
ÑÐ,8,62
¾ª,9,62
Ò¯,10,62
Ô´,11,62
Àä,12,62
ÏÄ,13,62
±Ï,14,62
¼Ü,15,62
Åª,16,62
ÑÅ,17,62
²Ð,18,62
·×,19,62
ÑØ,20,62
º¡,21,62
Ðý,22,62
³Ø,23,62
·ë,24,62
Ïä,25,62
ÍÏ,26,62
²Ì,27,62
Êñ,28,62
Á£,29,62
Íä,30,62
Ô¨,31,62
±Î,32,62
É¡,33,62
°©,34,62
°ò,35,62
ÀÁ,36,62
ÑÖ,37,62
È¹,38,62
Âã,39,62
Íº,40,62
ÑÆ,41,62
ÇÏ,42,62
Ó½,43,62
Û¡,44,62
Õå,45,62
½À,46,62
»O,47,62
ì£,48,62
Ü÷,49,62
Â¦,50,62
Î®,51,62
ä×,52,62
çÅ,53,62
ëÍ,54,62
´·,55,62
ÚÌ,56,62
àÂ,57,62
ìä,58,62
êî,59,62
äÓ,60,62
èå,61,62
äË,62,62
ôå,63,62
³É,0,63
µÈ,1,63
³£,2,63
Ôª,3,63
´«,4,63
Á¬,5,63
ÈÝ,6,63
°¢,7,63
Áõ,8,63
µ×,9,63
ÒÉ,10,63
Ëì,11,63
Ä£,12,63
ÕÆ,13,63
ÑÓ,14,63
ÓÌ,15,63
³Ï,16,63
ÁÆ,17,63
ÊÙ,18,63
Í¸,19,63
Ïí,20,63
¾å,21,63
Éò,22,63
ÇÚ,23,63
½õ,24,63
Ô¾,25,63
²ª,26,63
°Ø,27,63
ÇÔ,28,63
ì¶,29,63
Ì¤,30,63
Óº,31,63
±×,32,63
°Á,33,63
ËÊ,34,63
Öå,35,63
½º,36,63
ºï,37,63
àÅ,38,63
ÉÛ,39,63
Â¤,40,63
Í°,41,63
ÉÝ,42,63
·Ä,43,63
÷£,44,63
Ö­,45,63
³´,46,63
»¾,47,63
»à,48,63
Ãö,49,63
¸·,50,63
µÓ,51,63
°¹,52,63
á·,53,63
½¦,54,63
åÍ,55,63
À·,56,63
É¸,57,63
ó½,58,63
ÔÑ,59,63
ëà,60,63
ß“,61,63
¾Ç,62,63
ºÊ,63,63
