,һ,,,,,,,,,,Ϊ,֮,,,,,,,,,˵,,,,Ҳ,,ʱ,,,,Ҫ,,,,,,,,,,,,,,,,,,,,ȥ,,,,ʮ,,,,,Ȼ,,,
,,,,,С,,,,ͬ,ô,,,,,,,,ѧ,,,,,,,,ǰ,,,,,ֻ,,û,,,֪,ʹ,,,,,,,Щ,,,,,,,,,,ʵ,,,,,,,,,
,,,,,̫,ͷ,,,,,,,,,,,,Ӧ,,,ȫ,,,,,,,,,,,ս,ҵ,,,,,,,,,,,,,,,,,,ɽ,,ʲ,,,,Ի,,,,ƽ,ˮ,
,λ,,,,,,,,,Ů,,,,,,ͨ,,,,,,,,,ԭ,˹,,,,,,,,,,,,,˾,,,,,,,,,Ա,,,,,,,,,,,,,,,Ԫ
,ֱ,,,,,,,δ,,,,ʿ,ʦ,,,,ϵ,,,,Ŀ,,,·,,,,,,,ȴ,ָ,,,,,,ȡ,,˼,,,,ͳ,,,,,,,ס,,,,,,,,ʷ,ɫ,,,
,,,,,,Ц,,,,ǿ,,,,,,,Ȩ,,,,,,,,չ,,,Ʒ,,,,,,,,,,,,,,,Ժ,,Զ,,ʯ,,,,,,ת,,ǧ,ʽ,ʧ,,ÿ,,,ʼ,
,,,,,,,,̨,,,,ʶ,,,,,,,Ӣ,,,,,,,,,,,,,,,,,,,ȷ,,,,,,,,,,,ע,,ɱ,,,,׼,,,,,,,,
,,,,,,,,,,,֤,Լ,ĸ,,,,,,,,,,,,Ӱ,,,,Ϣ,,,,,,,,Խ,,,,Ǯ,,,,,,,д,,,,,,,,,,,,ʾ,֧,,
,ͼ,,,,Ӫ,,,,,־,ҹ,,,,,,,,,,,,,,,,,,,,,ί,,ѡ,,,,,,,ũ,Ƭ,ϣ,,ν,ϲ,,̸,,,ר,ֹ,,,ʳ,װ,,,,,,,
,,,,,,,,,ͻ,,,Ͷ,,Ը,ʡ,,,,,,ҽ,,,,,,,,,,,Ⱥ,,,,ĳ,ϸ,,,ʩ,,ְ,,,,,,,,,,,˫,,У,,Χ,,,,˭,,
,,ά,,,,,,,,,վ,,,,,,,,,,,,,,,,,Ч,,,,,,,,,,,,,ľ,̬,,,,,,,΢,,,,״,,,,,ʤ,,,,ү,
ӡ,,,,,,,,,,ֵ,,,,,,ִ,,,ë,,,,,,,ҩ,,,֯,½,,,,,,,,,Ԥ,æ,,,,׷,,,,,ʫ,,,,,,ʥ,Ѫ,,,,,,Դ,
,,ϰ,,,,,,,,,,,,,,,Ѱ,,ͣ,,,,,,,л,,Ī,,,,,,ɢ,,,,ǲ,,,,,,,,,گ,,,,,,,,,,,,,,,,ģ
,,,,,,,,,,,ʹ,,,,ռ,¥,,˳,,,,,Ƥ,,,,,,,,,,,,,,,,,,,,,,ɳ,,,,,,,,ı,,Э,,,,,,,,
,,,³,Ұ,,,,¼,,,Σ,˰,,,,,,,,,,,,¶,,,ͽ,,,,,ѹ,,,,,,,,,,,,ϯ,,,,ţ,,,,,,,ӭ,,,,,,,,
,˽,,,,֣,,Ҷ,,,,,,,,,ׯ,,,,,,,ͥ,,˯,,ŭ,ǹ,,,,ζ,,,,ѩ,,,,,,,,,԰,,,,,̽,,,,,ŷ,,,,,,,,
,,,,,,,,,κ,,ȱ,,ҡ,,,,,,,,Ǩ,,,,,,,,,,,,,,,,,,,,ʢ,,,,,,,,,,,,ƪ,,,ѽ,,,,,,Ū,
,,,,,,,ĩ,,Т,,,,,,Ϸ,Ʊ,,,,,,,,,,,,,,,,,,,ѵ,˿,ֽ,,,,,Ψ,,,,,,,,,,ŵ,,,÷,,,,,͢,,,
,,,,Ϯ,,,,,,,,,Ĭ,ӵ,,,ҳ,,,,,Ե,,,,,,ץ,,,,ͯ,,,,,,,,Ǳ,Ȥ,,¡,,,,,,ը,,,,̹,,,̩,̾,,;,,,,
,ū,,,,,Բ,,,ɥ,˧,,,,Ѳ,,,,,,Ү,,,,,,ξ,,,,Ω,,ɭ,,,,ƫ,,Υ,Ϥ,,Ԯ,,,,,,ּ,,,,,,,,,,,,,,,,͸
,,,,,,,,,,,ķ,,,,,ɮ,ֲ,,,,,,ΰ,,,,,,,,ǽ,,,,,,,,,,ϴ,ƶ,,,Ȱ,,,Ŭ,,,Ⱦ,,,,ó,,,Ѹ,,,,,
,,,,,,,,ة,,,,β,,,,,,,,,,а,,,,,,,,,,ð,,,,ħ,,Ħ,Ӳ,,,,ǡ,,͵,,,,,,,פ,,,,,,,,,,,
,,,,,,,,,,,Թ,,,,,,,,,,֦,,,,,,,,,,,,,,ü,,,ǩ,,,,Ѷ,,׳,,,,,,,,,,,,,ż,ϧ,,,,,
,ƾ,,,,,,,,,,,,¬,̧,,ծ,,Ȫ,,Ļ,,,,,,,,˷,,»,ɣ,ʬ,,,,,,ն,,,,,,,,,,,,,,ӳ,,,,ò,,,,,,,
,,,,,,,֢,,,,,,,,,,,,,,,ף,,,,,,,,,,,,,,,,,,,,,,,Τ,,,,,,,,Ѧ,Ȧ,ɨ,,ī,,,,,,
ο,,,ʣ,,,,,,ǣ,,,,,,,,ң,,,Ǭ,,,,,,,,,,,,,ƥ,α,,ͦ,,,,,,ý,,,,,,,ͤ,,,,,,,,,,,,,,Ծ
,,,,,,,,,,,Ʈ,,,,,,׫,,,,,,լ,,,ͧ,,,,,,ײ,,в,,,,Ƶ,,,,,,,,,,,,,,,Ԭ,,,,,,,ĥ,,,
,,ԥ,ƭ,,,,,,,,,,,,ֳ,,Ϧ,,,,,,˥,,ͭ,,,Һ,,,ì,,,Ъ,ʰ,,,,,ƣ,,,,,,,,,î,,׽,,,,,̰,,,ˣ,,,,
ȯ,,,,Ϫ,,ԣ,,,,,,,,,Ϳ,,,ѷ,,,,կ,,,ǳ,Ͻ,,,,ѭ,,,,Ѻ,̳,,,,,,ϼ,,η,,,,ѯ,,,,,,,,,,,,,,,,
Ľ,,,,,е,,,£,,,Ũ,,,,,,,,Ь,,,ʻ,Ư,,,б,Ĺ,,ƿ,ȼ,,ҧ,,,,,,,,,,,,,,,,,,ñ,,,,,,,,ϡ,,,,,
,,,,,,,,,,,,,,,,ӿ,,,,,,¹,ѫ,,,,,,,,,,,,,ˡ,ů,,,,,,,,,,,ӯ,,,,,,й,,ɪ,,ï,ǫ,,,,̤
,,,ã,,ȭ,ҫ,,,,Ͽ,,,ԩ,,,²,,,,,,,Я,,,,,ɩ,,,,,ի,,,,,,,,,ʪ,,,,,,,,è,,,,,,,,,,,,Ԩ,Ӻ
ӹ,,,,Ҧ,,,,,,,,,,׿,,,,,©,,,,,,Ѩ,,,,Į,,,,,,,,,,,,,,,ö,Ѿ,,,,,,,,,,,,,,,,ú,,
,Ƿ,,,,,,,,,,,,,,,,Ť,,Ӯ,,,,,,,,ӥ,,Ƹ,֥,,,,ֶ,,,,,,Ŧ,,¯,,,,,,,,,ƴ,,Ȣ,,,,,,,,,ɡ,
,,Ԣ,,,,,,ɶ,,,,,,أ,,ˢ,ַ,,,,,,,,,,,,,,,׹,,,ǻ,,,,,,,,,,,,,,,,,,,ϱ,,,,,,,Ѯ,,
,թ,,,,,,ެ,,,ӣ,,,,,,,,,̥,,,Ŷ,,,,Ӥ,,,,,,,,p,,,ߵ,,,,Ф,,,,,,,ĺ,®,,,,,,,,,,Ĩ,θ,,,
ˬ,,,,,,,,,Է,ժ,,,̲,,Գ,,ɵ,,,,,ڣ,,н,,,̷,,,,ι,ױ,,գ,,,,,,,,,,,,϶,˪,,,,ԡ,,,,,,,,,,,,
Ĥ,,,˴,,ļ,,,,,,,Ķ,,ߪ,,,,,,,,ȸ,,ʸ,ç,,,,,,,Ͳ,,˶,˲,,,,,ɴ,ް,,,,,,é,,,,,,,,ٹ,,,,,,,,
,,,,֬,,,,,,,,,Ѽ,,,,ϥ,,,Ң,,,,,,,v,,г,,ӱ,,,ߣ,,,,Ǹ,,ɧ,,,,,,ܲ,,,İ,,,,ɷ,,,,,,Ƽ,,,ȹ,
¿,,׬,,,,,,,,,,,,â,«,,,,,,ä,,ղ,,,,,,,,,,,մ,,,,,,,,,ɲ,,,ճ,,,,ʨ,ɯ,,,,,,,,Ų,Ȯ,,,
,,̯,,,,,,,,,,,,,խ,,Ƣ,צ,¾,,,Ͼ,,,Х,,̿,ƨ,,,,Ϲ,,,,,,,,,ѻ,,,,,,,̶,,,,õ,,,,ж,,ڤ,,,,ͺ,¤
Ǽ,,,,,,,,,Ҿ,,,,ݺ,,,,,,,,,˺,,,,,ש,,,ˤ,,,,,Ʃ,,,,ʴ,,,,,,,Ű,׮,,ɺ,,,,,,,,,,,,,,Ͱ
,,γ,ԫ,,,,,,,,,,,,,,Ǵ,֫,,ط,,,,,Կ,,,,,,м,,,,,,,ݣ,,,,,,,Ӷ,,µ,,,,,,,,,,,հ,ٻ,,,,
ڵ,Ю,Ҥ,յ,ھ,,,,,,,,,,,,,,,,,,,,Ӵ,,,,,¢,,,׾,ͩ,ܽ,,,ܰ,,,,,,,,,,׵,,,,,,,ҥ,,ù,,,,,,ӽ,
,,,,,,,ұ,,,,,ª,,,,,,,,,,,,,,,,,,,¸,,,,,,,,,,,о,,,ƻ,,,,,,,,,,,,,,,,,ۡ,
,٤,,ơ,ɹ,,,,и,,,,,,,,,ؤ,,,,,,,ɾ,į,,μ,,ɰ,,,,,,,,,,,ѣ,Ƨ,,,,,,Ө,,,ĭ,ݴ,ؽ,,ӫ,,,,,Ĳ,,˸,,֭
,,,,,,,,,,,,,,,,,,Ǣ,к,,,,߳,,,տ,,߶,,,ĵ,,,,Ӿ,,,ġ,,ԧ,,,,,,,,,,,,,,,,ȣ,ԯ,,,Ƚ,ɤ,,
,,Ϻ,Ǧ,,դ,,ϻ,,Ʋ,ݡ,,,,,,,š,§,˻,,,,,,,,,,,,,,Ρ,,,,,̴,,Ƕ,,ع,,ť,,͡,ٿ,,,ƺ,,,׺,,,,,,ٺ,,Ƴ,O,
,,,,,,,է,,,,,,,,ز,,,,,,ѱ,,,,,,,,ѥ,ɼ,,,,,,,,,,,,,Ӭ,,,,,,,º,,,,,,,,,,,,,
,,,,,١,,˦,,,,,,,,,,,,,,,,ܣ,,ѿ,ٵ,,,Ҵ,,Ż,,ٲ,,,,,,,,,,,,,,̺,,,,,ε,,,,,,,ȵ,,,,
,,,,,,,,,,,,,,,,,ص,,,,,,,,,,,,,,,,,ܿ,,,,,,,,,,,,,ֿ,,,,,á,,,,,,,ϭ,̼,,¦,
з,,,ڶ,,,ֺ,,,,ž,ų,,,,,,,,,,,,,,,,,,,٣,,,,,,,ɬ,,,,,,,,٩,,,,,,,,,,,,,,,,,ή,
,,,,,,͹,,,,,,,,֡,,,,,ջ,,,,,,,,̱,,ҷ,,,,,,Ѭ,,,,,ձ,±,̭,,,,,,,Ĵ,,,,,֨,,,,,,,,,
,,,,,,,բ,۫,,,,,,,ק,,,,߯,,,,,,,,,,ߡ,,׶,,,,ڡ,,,,,Ϭ,,̣,,զ,Ϩ,,,,ا,˩,,,,,ǵ,,,,,,,,
,,,,,,,,Ź,,,,,,,,ޥ,,,,,,,έ,,,,,,,,,,,,,,ȶ,,,,̦,,ſ,,,,,,,,,,,,,ѳ,,,,,,,
,,,,,,,,,,,,,,,,,,,,,Ԧ,̵,,,,,,,,,,,,,,,,ڹ,,,,,,,,,,,,,,,,,,­,خ,,,,,,
,,,,,,,,,,ʺ,,,,,,,,,,,,,,,,,,,,,,,,,,,,,,,,,,´,,,,,,,,,,°,ޱ,,,å,,,,,
,ɿ,,,,,,,,,,,,,,,,,,,,ڼ,,,˨,,ո,,,,,,,,,,޹,,,,,,ګ,,,,,,,,׸,,ذ,,,,,,ۣ,,,,,ɸ
ø,,,,,,,,,,,,,,,,,,,Ÿ,,,,,,,,,,,,,,,,,,,,,߱,,,֩,,,,,,ڽ,,,,,,,ٯ,ۻ,,,,,,
,,ݼ,,,,F,,,,,,ǭ,ۼ,,,,ӻ,,,,,,,,,ߴ,,,׭,̻,,,,,ӂ,,,,,,,,,,,,,,,,,,ں,˱,,,ߺ,,ź,,,,
,,,߸,,,,,,,,,۩,,,,,,ա,,,,,,إ,ǯ,,Ѵ,,,,,ۿ,,,,,,,,,,,,,,,,,,,,ӧ,,,,,,,,,ڳ,,
,,,,,,,,ͮ,,,,,,,,,,,,,,,,,,ݱ,,,,,,ƹ,,,Ǻ,,,,,ޣ,,,,,,,,,,,,,,,,,,,,,,,ߓ
,,,Ҹ,,,,,,̡,,,,,,,,,,,,,,,,,,,,,,y,,,,,,Ȭ,,,,h,,,ڴ,,,,,,,,,,,,,,,,ܡ,,,
,,,۶,,,ڨ,,,,,ޡ,,,,,,غ,,,,,,,,,,,,ب,,,,,,,,,,ͱ,,ɦ,,ٱ,ڭ,,,,,,,,,,,,,,,,,,,
